Time,Packet ID,From Node,To Node,Port,Port Name,latitude_i,longitude_i,altitude,time,location_source,timestamp,PDOP,ground_speed,ground_track,sats_in_view,precision_bits,id,long_name,short_name,macaddr,hw_model,public_key,is_unmessagable,route,snr_towards,route_1,route_2,snr_towards_1,snr_towards_2,snr_towards_3,route_3,route_4,snr_towards_4,snr_towards_5,route_back,snr_back,role,254Q,route_5,route_6,route_7,snr_towards_6,snr_towards_7,330,error_reason
2026-03-14T15:52:27.101Z,1689590149,3562713424,4294967295,3,Position,377625935,-1224184751,34,1773503545,LOC_INTERNAL,1773503545,225,0,0,11,32,,,,,,,,,,,,,,,,,,,,,,,,,,,,,
2026-03-14T15:53:29.079Z,3605315976,3562713424,4294967295,3,Position,377625366,-1224184750,24,1773503607,LOC_INTERNAL,1773503597,141,0,0,13,32,,,,,,,,,,,,,,,,,,,,,,,,,,,,,
2026-03-14T15:54:31.753Z,1340749194,3562713424,4294967295,3,Position,377625286,-1224184600,21,1773503667,LOC_INTERNAL,1773503649,141,0,0,14,32,,,,,,,,,,,,,,,,,,,,,,,,,,,,,
2026-03-14T15:58:32.427Z,3088754066,3562713424,4294967295,3,Position,377625838,-1224185618,54,1773503907,LOC_INTERNAL,1773503894,112,0,16886000,16,32,,,,,,,,,,,,,,,,,,,,,,,,,,,,,
2026-03-14T16:01:50.937Z,1183630685,3562713424,4294967295,1,Text,,,,,,,,,,,,,,,,,,,,,,,,,,,,,,,,,,,,,,,,
2026-03-14T16:02:32.526Z,2514490780,3562713424,4294967295,3,Position,377625018,-1224185096,15,1773504149,LOC_INTERNAL,1773504143,126,0,16886000,15,32,,,,,,,,,,,,,,,,,,,,,,,,,,,,,
2026-03-14T16:03:45.395Z,3608555936,3562713424,4294967295,3,Position,377624998,-1224185076,14,1773504209,LOC_INTERNAL,1773504205,126,0,16886000,16,32,,,,,,,,,,,,,,,,,,,,,,,,,,,,,
2026-03-14T16:04:33.047Z,1001544097,3562713424,4294967295,3,Position,377624998,-1224185025,14,1773504270,LOC_INTERNAL,1773504267,112,0,16886000,18,32,,,,,,,,,,,,,,,,,,,,,,,,,,,,,
2026-03-14T16:05:32.042Z,3636657570,3562713424,4294967295,3,Position,377624880,-1224184715,13,1773504330,LOC_INTERNAL,1773504329,112,0,7958000,18,32,,,,,,,,,,,,,,,,,,,,,,,,,,,,,
2026-03-14T16:06:32.235Z,3674184099,3562713424,4294967295,3,Position,377624916,-1224184630,13,1773504390,LOC_INTERNAL,1773504360,112,0,7958000,18,32,,,,,,,,,,,,,,,,,,,,,,,,,,,,,
2026-03-14T16:07:32.735Z,1919190436,3562713424,4294967295,3,Position,377624955,-1224184633,13,1773504450,LOC_INTERNAL,1773504422,98,0,7958000,19,32,,,,,,,,,,,,,,,,,,,,,,,,,,,,,
2026-03-14T16:08:32.214Z,77130149,3562713424,4294967295,3,Position,377624895,-1224184596,13,1773504510,LOC_INTERNAL,1773504484,98,0,7958000,19,32,,,,,,,,,,,,,,,,,,,,,,,,,,,,,
2026-03-14T16:10:32.622Z,1883604395,3562713424,4294967295,3,Position,377624775,-1224184955,13,1773504630,LOC_INTERNAL,1773504608,112,0,7958000,19,32,,,,,,,,,,,,,,,,,,,,,,,,,,,,,
2026-03-14T16:41:39.093Z,2773828083,3562713424,4294967295,3,Position,377428303,-1224137651,118,1773506496,LOC_INTERNAL,1773506484,98,4,11001000,19,32,,,,,,,,,,,,,,,,,,,,,,,,,,,,,
2026-03-14T16:42:37.831Z,3729845748,3562713424,4294967295,3,Position,377427668,-1224135790,118,1773506556,LOC_INTERNAL,1773506546,112,0,13307000,18,32,,,,,,,,,,,,,,,,,,,,,,,,,,,,,
2026-03-14T16:43:37.090Z,4052003317,3562713424,4294967295,3,Position,377427481,-1224135763,106,1773506616,LOC_INTERNAL,1773506608,112,5,2620000,18,32,,,,,,,,,,,,,,,,,,,,,,,,,,,,,
2026-03-14T16:47:40.063Z,58572281,3562713424,4294967295,3,Position,377427668,-1224135661,116,1773506858,LOC_INTERNAL,1773506856,98,0,20420000,18,32,,,,,,,,,,,,,,,,,,,,,,,,,,,,,
2026-03-14T16:48:41.936Z,3104750079,3562713424,4294967295,3,Position,377427633,-1224135655,116,1773506920,LOC_INTERNAL,1773506918,84,0,20420000,22,32,,,,,,,,,,,,,,,,,,,,,,,,,,,,,
2026-03-14T16:51:42.116Z,1298986501,3562713424,4294967295,3,Position,377427608,-1224135613,115,1773507101,LOC_INTERNAL,1773507073,84,0,9745000,24,32,,,,,,,,,,,,,,,,,,,,,,,,,,,,,
2026-03-14T16:53:47.992Z,549449225,3562713424,4294967295,3,Position,377427518,-1224135616,116,1773507222,LOC_INTERNAL,1773507197,84,0,9745000,24,32,,,,,,,,,,,,,,,,,,,,,,,,,,,,,
2026-03-14T16:54:44.695Z,3696577035,3562713424,4294967295,3,Position,377427701,-1224135721,118,1773507282,LOC_INTERNAL,1773507259,84,0,31516000,25,32,,,,,,,,,,,,,,,,,,,,,,,,,,,,,
2026-03-14T16:56:43.507Z,1506420239,3562713424,4294967295,3,Position,377427585,-1224135645,117,1773507402,LOC_INTERNAL,1773507383,70,0,31516000,26,32,,,,,,,,,,,,,,,,,,,,,,,,,,,,,
2026-03-14T17:00:58.964Z,3964832279,3562713424,4294967295,3,Position,377427601,-1224135603,117,1773507645,LOC_INTERNAL,1773507631,70,0,31516000,27,32,,,,,,,,,,,,,,,,,,,,,,,,,,,,,
2026-03-14T17:05:52.042Z,3426391569,3562713424,4294967295,3,Position,377427601,-1224135616,117,1773507464,LOC_INTERNAL,1773507445,84,0,31516000,25,32,,,,,,,,,,,,,,,,,,,,,,,,,,,,,
2026-03-14T17:06:48.342Z,1913818661,3562713424,4294967295,3,Position,377427503,-1224135565,117,1773508007,LOC_INTERNAL,1773508003,70,0,31516000,27,32,,,,,,,,,,,,,,,,,,,,,,,,,,,,,
2026-03-14T17:08:50.776Z,2436251177,3562713424,4294967295,3,Position,377427521,-1224135590,117,1773508127,LOC_INTERNAL,1773508127,70,0,31516000,27,32,,,,,,,,,,,,,,,,,,,,,,,,,,,,,
2026-03-14T17:09:52.056Z,2518351403,3562713424,4294967295,3,Position,377427580,-1224135501,116,1773508187,LOC_INTERNAL,1773508158,70,1,31516000,27,32,,,,,,,,,,,,,,,,,,,,,,,,,,,,,
2026-03-14T17:11:50.361Z,1545806383,3562713424,4294967295,3,Position,377427761,-1224135275,113,1773508308,LOC_INTERNAL,1773508282,70,0,1722000,26,32,,,,,,,,,,,,,,,,,,,,,,,,,,,,,
2026-03-14T17:12:25.254Z,920232496,3562713424,4294967295,3,Position,377428861,-1224105665,301,1773508344,LOC_INTERNAL,1773508344,70,20,9671000,27,32,,,,,,,,,,,,,,,,,,,,,,,,,,,,,
2026-03-14T17:13:16.333Z,1032830513,3562713424,4294967295,3,Position,377419198,-1224078613,438,1773508395,LOC_INTERNAL,1773508395,70,14,6167000,27,32,,,,,,,,,,,,,,,,,,,,,,,,,,,,,
2026-03-14T17:13:22.031Z,1044749357,1862080068,3562713424,4,Node Info,,,,,,,,,,,,"""!6efd1644""","""KN6PLV-BrkOxfLA-Yebes""","""6PLV""","""\334,n\375\026D""",254,"""{U\360b\206\376a\226\331\244\""\262\227f\347c\207\371\365\360d\021O\013_\344\273\224&\325\317=""",false,,,,,,,,,,,,,,,,,,,,,,
2026-03-14T17:13:24.531Z,71250644,2957214790,3562713424,4,Node Info,,,,,,,,,,,,"""!b0438446""","""San Bruno Mtn Weather""","""SBMW""","""\002E\260C\204F""",254,"""\355_\030S\333\213v\232\231%\273l\300\035^Oj.1F\004=\260\235\020Dh\327\017\367\326\035""",false,,,,,,,,,,,,,,,,,,,,,,
2026-03-14T17:13:51.550Z,1474297394,3562713424,4294967295,3,Position,377412101,-1224060225,524,1773508426,LOC_INTERNAL,1773508426,70,22,13803000,27,32,,,,,,,,,,,,,,,,,,,,,,,,,,,,,
2026-03-14T17:14:19.128Z,1165680179,3562713424,4294967295,3,Position,377407075,-1224043796,594,1773508457,LOC_INTERNAL,1773508457,70,12,10424000,27,32,,,,,,,,,,,,,,,,,,,,,,,,,,,,,
2026-03-14T17:15:09.185Z,4106915380,3562713424,4294967295,3,Position,377401360,-1224022598,717,1773508508,LOC_INTERNAL,1773508508,84,20,8754000,22,32,,,,,,,,,,,,,,,,,,,,,,,,,,,,,
2026-03-14T17:16:01.791Z,3981020725,3562713424,4294967295,3,Position,377382155,-1223989036,832,1773508561,LOC_INTERNAL,1773508561,84,35,12977000,22,32,,,,,,,,,,,,,,,,,,,,,,,,,,,,,
2026-03-14T17:16:32.982Z,1158159926,3562713424,4294967295,3,Position,377364586,-1223968291,882,1773508592,LOC_INTERNAL,1773508592,84,26,15198000,22,32,,,,,,,,,,,,,,,,,,,,,,,,,,,,,
2026-03-14T17:17:25.266Z,1513597495,3562713424,4294967295,3,Position,377337545,-1223935480,975,1773508644,LOC_INTERNAL,1773508644,84,37,13143000,22,32,,,,,,,,,,,,,,,,,,,,,,,,,,,,,
2026-03-14T17:18:16.781Z,1620839992,3562713424,4294967295,3,Position,377307613,-1223910400,1072,1773508696,LOC_INTERNAL,1773508696,84,28,15353000,21,32,,,,,,,,,,,,,,,,,,,,,,,,,,,,,
2026-03-14T17:19:14.236Z,2860208697,3562713424,4294967295,3,Position,377269821,-1223892153,1177,1773508753,LOC_INTERNAL,1773508753,84,29,18146000,22,32,,,,,,,,,,,,,,,,,,,,,,,,,,,,,
2026-03-14T17:19:45.016Z,1306793530,3562713424,4294967295,3,Position,377246398,-1223881136,1235,1773508784,LOC_INTERNAL,1773508784,84,36,16063000,22,32,,,,,,,,,,,,,,,,,,,,,,,,,,,,,
2026-03-14T17:20:16.293Z,1262634555,3562713424,4294967295,3,Position,377221745,-1223873101,1300,1773508815,LOC_INTERNAL,1773508815,84,27,17896000,22,32,,,,,,,,,,,,,,,,,,,,,,,,,,,,,
2026-03-14T17:20:49.382Z,1612519996,3562713424,4294967295,3,Position,377194573,-1223864066,1371,1773508846,LOC_INTERNAL,1773508846,84,38,17362000,23,32,,,,,,,,,,,,,,,,,,,,,,,,,,,,,
2026-03-14T17:21:20.087Z,3535535677,3562713424,4294967295,3,Position,377166006,-1223850588,1434,1773508877,LOC_INTERNAL,1773508877,84,51,15483000,23,32,,,,,,,,,,,,,,,,,,,,,,,,,,,,,
2026-03-14T17:21:48.976Z,1924307519,3562713424,4294967295,3,Position,377134895,-1223837171,1505,1773508908,LOC_INTERNAL,1773508908,84,42,17840000,23,32,,,,,,,,,,,,,,,,,,,,,,,,,,,,,
2026-03-14T17:21:51.381Z,1919746970,2456456272,3562713424,4,Node Info,,,,,,,,,,,,"""!926a8c50""","""KN6PTQ Roof""","""PTQR""","""\372E\222j\214P""",RAK4631,,,,,,,,,,,,,,,,,,,,,,,,
2026-03-14T17:21:59.162Z,2008319550,3562713424,2456456272,4,Node Info,,,,,,,,,,,,"""!d45ab150""","""Spacebridge04""","""🎈""","""\034\333\324Z\261P""",SEEED_XIAO_S3,"""\226\237ee\007$TA\2327O\321\272=\227\0321`*\332\033\261\261@\000\363\017\253o\235\313@""",false,,,,,,,,,,,,,,,,,,,,,,
2026-03-14T17:22:20.142Z,2423510592,3562713424,4294967295,3,Position,377102180,-1223822116,1570,1773508939,LOC_INTERNAL,1773508939,84,32,15895000,23,32,,,,,,,,,,,,,,,,,,,,,,,,,,,,,
2026-03-14T17:22:50.855Z,1755476545,3562713424,4294967295,3,Position,377069356,-1223803556,1635,1773508970,LOC_INTERNAL,1773508970,84,54,14926000,23,32,,,,,,,,,,,,,,,,,,,,,,,,,,,,,
2026-03-14T17:23:22.126Z,3973079618,3562713424,4294967295,3,Position,377036721,-1223784223,1698,1773509001,LOC_INTERNAL,1773509001,84,57,15246000,23,32,,,,,,,,,,,,,,,,,,,,,,,,,,,,,
2026-03-14T17:23:52.755Z,2621771331,3562713424,4294967295,3,Position,377004166,-1223762143,1760,1773509032,LOC_INTERNAL,1773509032,84,38,15771000,23,32,,,,,,,,,,,,,,,,,,,,,,,,,,,,,
2026-03-14T17:24:27.495Z,643809860,3562713424,4294967295,3,Position,376973966,-1223738468,1829,1773509063,LOC_INTERNAL,1773509063,84,53,15010000,23,32,,,,,,,,,,,,,,,,,,,,,,,,,,,,,
2026-03-14T17:24:56.434Z,3155752517,3562713424,4294967295,3,Position,376944768,-1223715390,1893,1773509094,LOC_INTERNAL,1773509094,84,33,14256000,23,32,,,,,,,,,,,,,,,,,,,,,,,,,,,,,
2026-03-14T17:25:25.836Z,1684270662,3562713424,4294967295,3,Position,376914826,-1223694166,1958,1773509125,LOC_INTERNAL,1773509125,84,43,16596000,23,32,,,,,,,,,,,,,,,,,,,,,,,,,,,,,
2026-03-14T17:25:58.083Z,128333383,3562713424,4294967295,3,Position,376884240,-1223673113,2027,1773509156,LOC_INTERNAL,1773509156,84,50,14221000,23,32,,,,,,,,,,,,,,,,,,,,,,,,,,,,,
2026-03-14T17:26:15.521Z,17645851,4204304256,3562713424,4,Node Info,,,,,,,,,,,,"""!fa989780""","""Packet Eater 9780""","""NOM""","""\364\022\372\230\227\200""",TLORA_T3_S3,,,,,,,,,,,,,,,,,,,,,,,,
2026-03-14T17:26:28.046Z,1084079688,3562713424,4294967295,3,Position,376854163,-1223653871,2096,1773509187,LOC_INTERNAL,1773509187,84,38,14615000,23,32,,,,,,,,,,,,,,,,,,,,,,,,,,,,,
2026-03-14T17:26:59.095Z,4245274185,3562713424,4294967295,3,Position,376824510,-1223634116,2161,1773509218,LOC_INTERNAL,1773509218,84,38,13971000,23,32,,,,,,,,,,,,,,,,,,,,,,,,,,,,,
2026-03-14T17:27:30.130Z,3585722954,3562713424,4294967295,3,Position,376795173,-1223611033,2227,1773509249,LOC_INTERNAL,1773509249,84,38,14712000,23,32,,,,,,,,,,,,,,,,,,,,,,,,,,,,,
2026-03-14T17:28:01.090Z,2082991691,3562713424,4294967295,3,Position,376766401,-1223586553,2296,1773509280,LOC_INTERNAL,1773509280,84,39,14274000,23,32,,,,,,,,,,,,,,,,,,,,,,,,,,,,,
2026-03-14T17:28:33.020Z,2647614028,3562713424,4294967295,3,Position,376738468,-1223560505,2365,1773509311,LOC_INTERNAL,1773509311,84,33,14298000,23,32,,,,,,,,,,,,,,,,,,,,,,,,,,,,,
2026-03-14T17:29:03.375Z,3844153933,3562713424,4294967295,3,Position,376710595,-1223534133,2428,1773509342,LOC_INTERNAL,1773509342,84,49,15914000,23,32,,,,,,,,,,,,,,,,,,,,,,,,,,,,,
2026-03-14T17:29:33.879Z,2169588302,3562713424,4294967295,3,Position,376681996,-1223506898,2496,1773509373,LOC_INTERNAL,1773509373,84,40,15406000,23,32,,,,,,,,,,,,,,,,,,,,,,,,,,,,,
2026-03-14T17:30:05.890Z,1434046031,3562713424,4294967295,3,Position,376653801,-1223479043,2562,1773509404,LOC_INTERNAL,1773509404,84,40,14946000,23,32,,,,,,,,,,,,,,,,,,,,,,,,,,,,,
2026-03-14T17:30:36.168Z,558718544,3562713424,4294967295,3,Position,376625286,-1223450813,2625,1773509435,LOC_INTERNAL,1773509435,84,45,15426000,23,32,,,,,,,,,,,,,,,,,,,,,,,,,,,,,
2026-03-14T17:31:06.863Z,2871474769,3562713424,4294967295,3,Position,376596743,-1223422670,2691,1773509466,LOC_INTERNAL,1773509466,84,50,14378000,23,32,,,,,,,,,,,,,,,,,,,,,,,,,,,,,
2026-03-14T17:32:01.053Z,2398945874,3562713424,4294967295,3,Position,376548961,-1223376573,2790,1773509518,LOC_INTERNAL,1773509517,84,52,14647000,23,32,,,,,,,,,,,,,,,,,,,,,,,,,,,,,
2026-03-14T17:32:55.030Z,3102735955,3562713424,4294967295,3,Position,376494380,-1223325180,2901,1773509574,LOC_INTERNAL,1773509574,84,59,14524000,23,32,,,,,,,,,,,,,,,,,,,,,,,,,,,,,
2026-03-14T17:33:25.810Z,1250359892,3562713424,4294967295,3,Position,376465710,-1223297460,2966,1773509605,LOC_INTERNAL,1773509605,84,38,13307000,23,32,,,,,,,,,,,,,,,,,,,,,,,,,,,,,
2026-03-14T17:33:56.980Z,2651110997,3562713424,4294967295,3,Position,376437233,-1223267986,3027,1773509636,LOC_INTERNAL,1773509636,84,36,14966000,23,32,,,,,,,,,,,,,,,,,,,,,,,,,,,,,
2026-03-14T17:34:27.863Z,3478585942,3562713424,4294967295,3,Position,376409541,-1223240003,3092,1773509667,LOC_INTERNAL,1773509667,84,43,14796000,23,32,,,,,,,,,,,,,,,,,,,,,,,,,,,,,
2026-03-14T17:34:59.013Z,1560471127,3562713424,4294967295,3,Position,376383300,-1223211803,3151,1773509698,LOC_INTERNAL,1773509698,84,39,13191000,23,32,,,,,,,,,,,,,,,,,,,,,,,,,,,,,
2026-03-14T17:35:29.806Z,1991131736,3562713424,4294967295,3,Position,376357415,-1223184045,3212,1773509729,LOC_INTERNAL,1773509729,84,38,14616000,23,32,,,,,,,,,,,,,,,,,,,,,,,,,,,,,
2026-03-14T17:36:01.041Z,1150048857,3562713424,4294967295,3,Position,376332186,-1223153305,3274,1773509760,LOC_INTERNAL,1773509760,84,34,13965000,23,32,,,,,,,,,,,,,,,,,,,,,,,,,,,,,
2026-03-14T17:36:33.004Z,911104602,3562713424,4294967295,3,Position,376306775,-1223118733,3333,1773509791,LOC_INTERNAL,1773509791,84,43,12366000,23,32,,,,,,,,,,,,,,,,,,,,,,,,,,,,,
2026-03-14T17:37:03.920Z,677038683,3562713424,4294967295,3,Position,376280310,-1223080075,3395,1773509822,LOC_INTERNAL,1773509822,84,55,14434000,23,32,,,,,,,,,,,,,,,,,,,,,,,,,,,,,
2026-03-14T17:37:36.231Z,3644880476,3562713424,4294967295,3,Position,376252155,-1223038000,3460,1773509853,LOC_INTERNAL,1773509853,84,61,14241000,23,32,,,,,,,,,,,,,,,,,,,,,,,,,,,,,
2026-03-14T17:38:04.805Z,4037843549,3562713424,4294967295,3,Position,376222191,-1222993291,3522,1773509884,LOC_INTERNAL,1773509884,84,51,12955000,23,32,,,,,,,,,,,,,,,,,,,,,,,,,,,,,
2026-03-14T17:38:14.338Z,570256590,4201496508,3562713424,70,Traceroute,,,,,,,,,,,,,,,,,,,1360126850,2,,,,,,,,,,,,,,,,,,,,
2026-03-14T17:38:19.515Z,267902558,3562713424,4201496508,70,Traceroute,,,,,,,,,,,,,,,,,,,1360126850,2,272049934,515997965,-47,-28,-28,,,,,,,,,,,,,,,
2026-03-14T17:38:36.954Z,1608583776,3562713424,4294967295,3,Position,376191725,-1222945231,3584,1773509916,LOC_INTERNAL,1773509916,84,67,13433000,22,32,,,,,,,,,,,,,,,,,,,,,,,,,,,,,
2026-03-14T17:39:07.874Z,377613921,3562713424,4294967295,3,Position,376165736,-1222900256,3647,1773509947,LOC_INTERNAL,1773509947,84,61,12286000,23,32,,,,,,,,,,,,,,,,,,,,,,,,,,,,,
2026-03-14T17:39:40.503Z,1100092002,3562713424,4294967295,3,Position,376140160,-1222851591,3720,1773509980,LOC_INTERNAL,1773509979,84,54,12873000,23,32,,,,,,,,,,,,,,,,,,,,,,,,,,,,,
2026-03-14T17:40:11.142Z,936254051,3562713424,4294967295,3,Position,376110916,-1222806511,3797,1773510010,LOC_INTERNAL,1773510010,84,61,13814000,23,32,,,,,,,,,,,,,,,,,,,,,,,,,,,,,
2026-03-14T17:40:41.967Z,2115634788,3562713424,4294967295,3,Position,376077406,-1222765013,3869,1773510041,LOC_INTERNAL,1773510041,84,63,13056000,23,32,,,,,,,,,,,,,,,,,,,,,,,,,,,,,
2026-03-14T17:41:16.931Z,1834087013,3562713424,4294967295,3,Position,376043668,-1222729161,3936,1773510072,LOC_INTERNAL,1773510072,84,43,14011000,23,32,,,,,,,,,,,,,,,,,,,,,,,,,,,,,
2026-03-14T17:41:44.422Z,916429414,3562713424,4294967295,3,Position,376011481,-1222692438,4011,1773510103,LOC_INTERNAL,1773510103,84,55,14089000,23,32,,,,,,,,,,,,,,,,,,,,,,,,,,,,,
2026-03-14T17:42:14.994Z,3591198311,3562713424,4294967295,3,Position,375979818,-1222649430,4083,1773510134,LOC_INTERNAL,1773510134,84,62,12464000,23,32,,,,,,,,,,,,,,,,,,,,,,,,,,,,,
2026-03-14T17:42:47.147Z,1346779752,3562713424,4294967295,3,Position,375945510,-1222603223,4157,1773510165,LOC_INTERNAL,1773510165,84,73,13748000,24,32,,,,,,,,,,,,,,,,,,,,,,,,,,,,,
2026-03-14T17:43:16.856Z,3387730537,3562713424,4294967295,3,Position,375912133,-1222561865,4231,1773510196,LOC_INTERNAL,1773510196,84,60,14940000,24,32,,,,,,,,,,,,,,,,,,,,,,,,,,,,,
2026-03-14T17:43:47.895Z,2919874154,3562713424,4294967295,3,Position,375878371,-1222522425,4300,1773510227,LOC_INTERNAL,1773510227,84,51,14030000,23,32,,,,,,,,,,,,,,,,,,,,,,,,,,,,,
2026-03-14T17:43:54.939Z,3318438459,1737044944,3562713424,70,Traceroute,,,,,,,,,,,,,,,,,,,,,,,,,,,,,,,,,,,,,,,,
2026-03-14T17:44:01.955Z,3867862635,3562713424,1737044944,70,Traceroute,,,,,,,,,,,,,,,,,,,2996807788,9,1732836668,279961614,-4,41,-23,1360126850,2956820984,-32,-50,,,,,,,,,,,
2026-03-14T17:44:50.351Z,1633846894,3562713424,4294967295,3,Position,375808620,-1222442450,4435,1773510289,LOC_INTERNAL,1773510289,84,72,13156000,23,32,,,,,,,,,,,,,,,,,,,,,,,,,,,,,
2026-03-14T17:45:22.197Z,457533039,3562713424,4294967295,3,Position,375774583,-1222398308,4503,1773510321,LOC_INTERNAL,1773510321,84,66,13087000,21,32,,,,,,,,,,,,,,,,,,,,,,,,,,,,,
2026-03-14T17:45:52.821Z,550131312,3562713424,4294967295,3,Position,375742633,-1222355170,4569,1773510352,LOC_INTERNAL,1773510352,84,60,14045000,21,32,,,,,,,,,,,,,,,,,,,,,,,,,,,,,
2026-03-14T17:46:12.215Z,3318438460,1737044944,3562713424,70,Traceroute,,,,,,,,,,,,,,,,,,,,,,,,,,,,,,,,,,,,,,,,
2026-03-14T17:46:17.077Z,2070246001,3562713424,1737044944,70,Traceroute,,,,,,,,,,,,,,,,,,,840569175,-29,1770151452,846610502,-26,-32,-49,,,,,,,,,,,,,,,
2026-03-14T17:46:25.406Z,799382131,3562713424,4294967295,3,Position,375711496,-1222309945,4633,1773510383,LOC_INTERNAL,1773510383,98,54,13040000,20,32,,,,,,,,,,,,,,,,,,,,,,,,,,,,,
2026-03-14T17:46:43.143Z,3318438461,1737044944,3562713424,70,Traceroute,,,,,,,,,,,,,,,,,,,,,,,,,,,,,,,,,,,,,,,,
2026-03-14T17:46:48.283Z,2578641524,3562713424,1737044944,70,Traceroute,,,,,,,,,,,,,,,,,,,2996807788,8,1732836668,2718568204,-20,-12,-37,1575679793,2021987731,-56,-50,,,,,,,,,,,
2026-03-14T17:46:54.950Z,2182830710,3562713424,4294967295,3,Position,375681425,-1222262471,4704,1773510414,LOC_INTERNAL,1773510414,98,59,12705000,20,32,,,,,,,,,,,,,,,,,,,,,,,,,,,,,
2026-03-14T17:47:47.436Z,1143625335,3562713424,4294967295,3,Position,375630916,-1222182773,4815,1773510466,LOC_INTERNAL,1773510466,98,68,11772000,20,32,,,,,,,,,,,,,,,,,,,,,,,,,,,,,
2026-03-14T17:48:43.891Z,805382776,3562713424,4294967295,3,Position,375580285,-1222096918,4929,1773510523,LOC_INTERNAL,1773510523,98,55,12612000,21,32,,,,,,,,,,,,,,,,,,,,,,,,,,,,,
2026-03-14T17:49:15.431Z,3208877689,3562713424,4294967295,3,Position,375556466,-1222046551,4983,1773510554,LOC_INTERNAL,1773510554,98,56,12061000,21,32,,,,,,,,,,,,,,,,,,,,,,,,,,,,,
2026-03-14T17:49:45.807Z,2632743546,3562713424,4294967295,3,Position,375533578,-1221996360,5041,1773510585,LOC_INTERNAL,1773510585,98,63,11857000,21,32,,,,,,,,,,,,,,,,,,,,,,,,,,,,,
2026-03-14T17:50:28.465Z,107572859,3562713424,4294967295,3,Position,375508950,-1221947305,5109,1773510616,LOC_INTERNAL,1773510616,98,62,12271000,21,32,,,,,,,,,,,,,,,,,,,,,,,,,,,,,
2026-03-14T17:50:47.877Z,2217637500,3562713424,4294967295,3,Position,375479048,-1221899600,5176,1773510647,LOC_INTERNAL,1773510647,98,56,12001000,21,32,,,,,,,,,,,,,,,,,,,,,,,,,,,,,
2026-03-14T17:51:18.899Z,3216040573,3562713424,4294967295,3,Position,375446951,-1221854270,5242,1773510678,LOC_INTERNAL,1773510678,98,51,12817000,21,32,,,,,,,,,,,,,,,,,,,,,,,,,,,,,
2026-03-14T17:51:31.304Z,1491892060,2475226008,3562713424,70,Traceroute,,,,,,,,,,,,,,,,,,,2141846684,-6,,,,,,,,,,,,,,,,,,,,
2026-03-14T17:51:44.989Z,1795166846,3562713424,2475226008,70,Traceroute,,,,,,,,,,,,,,,,,,,2141846684,-6,1311039954,2881314839,21,10,-1,2779627381,2688087992,-37,-43,,,,,,,,,,,
2026-03-14T17:51:49.986Z,610313856,3562713424,4294967295,3,Position,375413318,-1221813695,5302,1773510709,LOC_INTERNAL,1773510709,98,60,12857000,21,32,,,,,,,,,,,,,,,,,,,,,,,,,,,,,
2026-03-14T17:52:20.908Z,535148161,3562713424,4294967295,3,Position,375380698,-1221778575,5378,1773510740,LOC_INTERNAL,1773510740,98,56,12674000,21,32,,,,,,,,,,,,,,,,,,,,,,,,,,,,,
2026-03-14T17:52:52.910Z,276929154,3562713424,4294967295,3,Position,375343061,-1221748836,5453,1773510771,LOC_INTERNAL,1773510771,98,50,15145000,21,32,,,,,,,,,,,,,,,,,,,,,,,,,,,,,
2026-03-14T17:53:22.971Z,3575686787,3562713424,4294967295,3,Position,375300655,-1221720793,5526,1773510802,LOC_INTERNAL,1773510802,98,68,15241000,21,32,,,,,,,,,,,,,,,,,,,,,,,,,,,,,
2026-03-14T17:53:28.376Z,3318438471,1737044944,3562713424,70,Traceroute,,,,,,,,,,,,,,,,,,,,,,,,,,,,,,,,,,,,,,,,
2026-03-14T17:53:31.529Z,3808433796,3562713424,1737044944,70,Traceroute,,,,,,,,,,,,,,,,,,,840569175,-30,1770268128,,-32,-49,,,,,,,,,,,,,,,,
2026-03-14T17:53:54.406Z,3517429382,3562713424,4294967295,3,Position,375255891,-1221695716,5596,1773510833,LOC_INTERNAL,1773510833,98,60,15879000,21,32,,,,,,,,,,,,,,,,,,,,,,,,,,,,,
2026-03-14T17:54:19.827Z,3318438472,1737044944,3562713424,70,Traceroute,,,,,,,,,,,,,,,,,,,,,,,,,,,,,,,,,,,,,,,,
2026-03-14T17:54:24.821Z,2708603527,3562713424,4294967295,3,Position,375204965,-1221667288,5684,1773510864,LOC_INTERNAL,1773510864,98,71,15302000,21,32,,,,,,,,,,,,,,,,,,,,,,,,,,,,,
2026-03-14T17:54:26.338Z,3226109576,3562713424,1737044944,70,Traceroute,,,,,,,,,,,,,,,,,,,1732836668,-31,2718568204,1575679793,-13,-53,-28,2687838116,,-24,,,,,,,,,,,,
2026-03-14T17:54:56.595Z,1587765898,3562713424,4294967295,3,Position,375153393,-1221634886,5739,1773510895,LOC_INTERNAL,1773510895,98,74,14933000,21,32,,,,,,,,,,,,,,,,,,,,,,,,,,,,,
2026-03-14T17:54:57.246Z,3318438473,1737044944,3562713424,70,Traceroute,,,,,,,,,,,,,,,,,,,,,,,,,,,,,,,,,,,,,,,,
2026-03-14T17:55:06.890Z,1135538827,3562713424,1737044944,70,Traceroute,,,,,,,,,,,,,,,,,,,2996807788,10,1732836668,1575679793,-3,-46,-40,2688057240,,12,,,,,,,,,,,,
2026-03-14T17:55:27.184Z,4158127757,3562713424,4294967295,3,Position,375100426,-1221605473,5804,1773510926,LOC_INTERNAL,1773510926,98,85,15552000,21,32,,,,,,,,,,,,,,,,,,,,,,,,,,,,,
2026-03-14T17:55:57.822Z,2880956046,3562713424,4294967295,3,Position,375046848,-1221576625,5865,1773510957,LOC_INTERNAL,1773510957,98,70,16220000,21,32,,,,,,,,,,,,,,,,,,,,,,,,,,,,,
2026-03-14T17:56:02.879Z,3318438474,1737044944,3562713424,70,Traceroute,,,,,,,,,,,,,,,,,,,,,,,,,,,,,,,,,,,,,,,,
2026-03-14T17:56:06.571Z,1766383247,3562713424,1737044944,70,Traceroute,,,,,,,,,,,,,,,,,,,840569175,-37,917262690,2733326740,-57,-43,-50,,,,,2687838116,-22,,,,,,,,,
2026-03-14T17:56:28.812Z,399137425,3562713424,4294967295,3,Position,374992711,-1221548160,5930,1773510988,LOC_INTERNAL,1773510988,98,81,15565000,21,32,,,,,,,,,,,,,,,,,,,,,,,,,,,,,
2026-03-14T17:56:42.821Z,3318438477,602477924,3562713424,4,Node Info,,,,,,,,,,,,"""!23e91564""","""赤キツネ""","""狐""","""\337\275#\351\025d""",XIAO_NRF52_KIT,"""\222[\276\323\223|_\301\203\321\332\226\373\276m\257\2668k\307\",false,,,,,,,,,,,,,,CLIENT_MUTE,"L|\346\243\024\205\204h}""",,,,,,,
2026-03-14T17:56:45.695Z,1495159795,4201496508,3562713424,70,Traceroute,,,,,,,,,,,,,,,,,,,1360126850,-45,,,,,,,,,,,,,,,,,,,,
2026-03-14T17:56:47.941Z,2981075602,3562713424,4201496508,70,Traceroute,,,,,,,,,,,,,,,,,,,1360126850,-45,403663883,2733326740,-20,-60,-18,,,,,,,,,,,,,,,
2026-03-14T17:56:50.826Z,3318438479,602477924,3562713424,4,Node Info,,,,,,,,,,,,"""!23e91564""","""赤キツネ""","""狐""","""\337\275#\351\025d""",XIAO_NRF52_KIT,"""\222[\276\323\223|_\301\203\321\332\226\373\276m\257\2668k\307\",false,,,,,,,,,,,,,,CLIENT_MUTE,"L|\346\243\024\205\204h}""",,,,,,,
2026-03-14T17:56:55.821Z,2591218324,3562713424,602477924,4,Node Info,,,,,,,,,,,,"""!d45ab150""","""Spacebridge04""","""🎈""","""\034\333\324Z\261P""",SEEED_XIAO_S3,"""\226\237ee\007$TA\2327O\321\272=\227\0321`*\332\033\261\261@\000\363\017\253o\235\313@""",false,,,,,,,,,,,,,,,,,,,,,,
2026-03-14T17:57:00.043Z,2143209109,3562713424,4294967295,3,Position,374937525,-1221519051,5997,1773511019,LOC_INTERNAL,1773511019,98,91,15752000,21,32,,,,,,,,,,,,,,,,,,,,,,,,,,,,,
2026-03-14T17:57:20.379Z,3318438484,602477924,3562713424,4,Node Info,,,,,,,,,,,,"""!23e91564""","""赤キツネ""","""狐""","""\337\275#\351\025d""",XIAO_NRF52_KIT,"""\222[\276\323\223|_\301\203\321\332\226\373\276m\257\2668k\307\",false,,,,,,,,,,,,,,CLIENT_MUTE,"L|\346\243\024\205\204h}""",,,,,,,
2026-03-14T17:57:30.358Z,3318438487,602477924,3562713424,4,Node Info,,,,,,,,,,,,"""!23e91564""","""赤キツネ""","""狐""","""\337\275#\351\025d""",XIAO_NRF52_KIT,"""\222[\276\323\223|_\301\203\321\332\226\373\276m\257\2668k\307\",false,,,,,,,,,,,,,,CLIENT_MUTE,"L|\346\243\024\205\204h}""",,,,,,,
2026-03-14T17:57:30.815Z,3613830806,3562713424,4294967295,3,Position,374881836,-1221487185,6059,1773511050,LOC_INTERNAL,1773511050,98,73,15385000,20,32,,,,,,,,,,,,,,,,,,,,,,,,,,,,,
2026-03-14T17:57:40.999Z,3318438488,602477924,3562713424,70,Traceroute,,,,,,,,,,,,,,,,,,,3332088112,-30,,,,,,,,,,,,,,,,,,,,
2026-03-14T17:58:00.608Z,3225113239,3562713424,602477924,70,Traceroute,,,,,,,,,,,,,,,,,,,3332088112,-30,2712104943,2733365596,12,-42,-28,2688057240,,-8,,,,,,,,,,,,
2026-03-14T17:58:02.167Z,3409642137,3562713424,4294967295,3,Position,374826401,-1221453656,6123,1773511081,LOC_INTERNAL,1773511081,98,81,16054000,20,32,,,,,,,,,,,,,,,,,,,,,,,,,,,,,
2026-03-14T17:58:32.788Z,3510721178,3562713424,4294967295,3,Position,374771325,-1221417826,6189,1773511112,LOC_INTERNAL,1773511112,98,70,15499000,20,32,,,,,,,,,,,,,,,,,,,,,,,,,,,,,
2026-03-14T17:58:45.481Z,3318438489,602477924,3562713424,4,Node Info,,,,,,,,,,,,"""!23e91564""","""赤キツネ""","""狐""","""\337\275#\351\025d""",XIAO_NRF52_KIT,"""\222[\276\323\223|_\301\203\321\332\226\373\276m\257\2668k\307\",false,,,,,,,,,,,,,,CLIENT_MUTE,"L|\346\243\024\205\204h}""",,,,,,,
2026-03-14T17:59:03.974Z,1563113115,3562713424,4294967295,3,Position,374715480,-1221380916,6260,1773511143,LOC_INTERNAL,1773511143,98,88,16101000,20,32,,,,,,,,,,,,,,,,,,,,,,,,,,,,,
2026-03-14T17:59:24.029Z,1424338672,1927931577,3562713424,70,Traceroute,,,,,,,,,,,,,,,,,,,,,,,,,,,,,,,,,,,,,,,,
2026-03-14T17:59:29.032Z,2936621724,3562713424,1927931577,70,Traceroute,,,,,,,,,,,,,,,,,,,382652512,-39,514322367,846610502,-20,-27,-1,2733208196,1737044900,-44,-37,,,,,,,,,,,
2026-03-14T17:59:35.291Z,895453853,3562713424,4294967295,3,Position,374659405,-1221343598,6327,1773511174,LOC_INTERNAL,1773511174,98,74,15353000,20,32,,,,,,,,,,,,,,,,,,,,,,,,,,,,,
2026-03-14T17:59:49.275Z,3318438494,602477924,3562713424,4,Node Info,,,,,,,,,,,,"""!23e91564""","""赤キツネ""","""狐""","""\337\275#\351\025d""",XIAO_NRF52_KIT,"""\222[\276\323\223|_\301\203\321\332\226\373\276m\257\2668k\307\",false,,,,,,,,,,,,,,CLIENT_MUTE,"L|\346\243\024\205\204h}""",,,,,,,
2026-03-14T17:59:56.864Z,3318438496,602477924,3562713424,4,Node Info,,,,,,,,,,,,"""!23e91564""","""赤キツネ""","""狐""","""\337\275#\351\025d""",XIAO_NRF52_KIT,"""\222[\276\323\223|_\301\203\321\332\226\373\276m\257\2668k\307\",false,,,,,,,,,,,,,,CLIENT_MUTE,"L|\346\243\024\205\204h}""",,,,,,,
2026-03-14T18:00:02.970Z,3318438497,602477924,3562713424,4,Node Info,,,,,,,,,,,,"""!23e91564""","""赤キツネ""","""狐""","""\337\275#\351\025d""",XIAO_NRF52_KIT,"""\222[\276\323\223|_\301\203\321\332\226\373\276m\257\2668k\307\",false,,,,,,,,,,,,,,CLIENT_MUTE,"L|\346\243\024\205\204h}""",,,,,,,
2026-03-14T18:00:06.323Z,1711322783,3562713424,4294967295,3,Position,374603850,-1221307103,6387,1773511205,LOC_INTERNAL,1773511205,98,69,15643000,20,32,,,,,,,,,,,,,,,,,,,,,,,,,,,,,
2026-03-14T18:00:07.708Z,3318438498,602477924,3562713424,4,Node Info,,,,,,,,,,,,"""!23e91564""","""赤キツネ""","""狐""","""\337\275#\351\025d""",XIAO_NRF52_KIT,"""\222[\276\323\223|_\301\203\321\332\226\373\276m\257\2668k\307\",false,,,,,,,,,,,,,,CLIENT_MUTE,"L|\346\243\024\205\204h}""",,,,,,,
2026-03-14T18:00:17.130Z,3318438499,602477924,3562713424,4,Node Info,,,,,,,,,,,,"""!23e91564""","""赤キツネ""","""狐""","""\337\275#\351\025d""",XIAO_NRF52_KIT,"""\222[\276\323\223|_\301\203\321\332\226\373\276m\257\2668k\307\",false,,,,,,,,,,,,,,CLIENT_MUTE,"L|\346\243\024\205\204h}""",,,,,,,
2026-03-14T18:00:25.451Z,3318438501,602477924,3562713424,4,Node Info,,,,,,,,,,,,"""!23e91564""","""赤キツネ""","""狐""","""\337\275#\351\025d""",XIAO_NRF52_KIT,"""\222[\276\323\223|_\301\203\321\332\226\373\276m\257\2668k\307\",false,,,,,,,,,,,,,,CLIENT_MUTE,"L|\346\243\024\205\204h}""",,,,,,,
2026-03-14T18:00:34.515Z,3655403168,3562713424,2476372156,70,Traceroute,,,,,,,,,,,,,,,,,,,873538553,-12,479067255,917262690,5,-10,-53,2688057240,,-2,,,,,,,,,,,,
2026-03-14T18:00:35.495Z,3344113526,2476372156,3562713424,70,Traceroute,,,,,,,,,,,,,,,,,,,873538553,-12,479067255,846610502,5,-10,0,2687837700,2733208196,-16,,,,,,,,,,,,
2026-03-14T18:00:35.742Z,3318438500,602477924,3562713424,4,Node Info,,,,,,,,,,,,"""!23e91564""","""赤キツネ""","""狐""","""\337\275#\351\025d""",XIAO_NRF52_KIT,"""\222[\276\323\223|_\301\203\321\332\226\373\276m\257\2668k\307\",false,,,,,,,,,,,,,,CLIENT_MUTE,"L|\346\243\024\205\204h}""",,,,,,,
2026-03-14T18:00:36.237Z,3318438502,602477924,3562713424,4,Node Info,,,,,,,,,,,,"""!23e91564""","""赤キツネ""","""狐""","""\337\275#\351\025d""",XIAO_NRF52_KIT,"""\222[\276\323\223|_\301\203\321\332\226\373\276m\257\2668k\307\",false,,,,,,,,,,,,,,CLIENT_MUTE,"L|\346\243\024\205\204h}""",,,,,,,
2026-03-14T18:00:36.952Z,2296573602,3562713424,4294967295,3,Position,374546613,-1221270850,6455,1773511236,LOC_INTERNAL,1773511236,98,82,15329000,20,32,,,,,,,,,,,,,,,,,,,,,,,,,,,,,
2026-03-14T18:00:41.628Z,1480591608,1770353316,3562713424,70,Traceroute,,,,,,,,,,,,,,,,,,,,,,,,,,,,,,,,,,,,,,,,
2026-03-14T18:00:49.314Z,1859210915,3562713424,1770353316,70,Traceroute,,,,,,,,,,,,,,,,,,,279961614,27,491816633,1179853932,-29,-30,16,272049934,2697192551,-34,-52,,,,,,,,,,,
2026-03-14T18:00:53.187Z,3318438503,602477924,3562713424,4,Node Info,,,,,,,,,,,,"""!23e91564""","""赤キツネ""","""狐""","""\337\275#\351\025d""",XIAO_NRF52_KIT,"""\222[\276\323\223|_\301\203\321\332\226\373\276m\257\2668k\307\",false,,,,,,,,,,,,,,CLIENT_MUTE,"L|\346\243\024\205\204h}""",,,,,,,
2026-03-14T18:00:57.262Z,3318438504,602477924,3562713424,4,Node Info,,,,,,,,,,,,"""!23e91564""","""赤キツネ""","""狐""","""\337\275#\351\025d""",XIAO_NRF52_KIT,"""\222[\276\323\223|_\301\203\321\332\226\373\276m\257\2668k\307\",false,,,,,,,,,,,,,,CLIENT_MUTE,"L|\346\243\024\205\204h}""",,,,,,,
2026-03-14T18:00:58.489Z,3318438505,602477924,3562713424,70,Traceroute,,,,,,,,,,,,,,,,,,,,,,,,,,,,,,,,,,,,,,,,
2026-03-14T18:01:04.542Z,1055055525,3562713424,602477924,70,Traceroute,,,,,,,,,,,,,,,,,,,279961614,-38,491816633,272049934,-15,-35,-29,2697192551,,-46,,2687838116,-16,,,,,,,,,
2026-03-14T18:01:08.030Z,3144369831,3562713424,4294967295,3,Position,374488931,-1221235500,6530,1773511267,LOC_INTERNAL,1773511267,98,95,15703000,20,32,,,,,,,,,,,,,,,,,,,,,,,,,,,,,
2026-03-14T18:01:25.375Z,2407496360,3562713424,2476372156,70,Traceroute,,,,,,,,,,,,,,,,,,,873538553,-10,479067255,2718570312,-4,-31,-8,,,,,,,,,,,,,,,
2026-03-14T18:01:26.634Z,3238016368,2476372156,3562713424,70,Traceroute,,,,,,,,,,,,,,,,,,,873538553,-10,479067255,3538235450,-4,28,-28,1705331413,,,,,,,,,,,,,,
2026-03-14T18:01:30.943Z,3318438506,602477924,3562713424,70,Traceroute,,,,,,,,,,,,,,,,,,,144583722,-29,1179853932,,38,,,,,,,,,,,,,,,,,
2026-03-14T18:01:38.878Z,1830255274,3562713424,4294967295,3,Position,374430866,-1221199376,6617,1773511298,LOC_INTERNAL,1773511298,98,84,15185000,20,32,,,,,,,,,,,,,,,,,,,,,,,,,,,,,
2026-03-14T18:01:47.261Z,1279624875,3562713424,602477924,70,Traceroute,,,,,,,,,,,,,,,,,,,144583722,-29,1179853932,2733326648,38,43,24,272049934,846610502,-26,0,,,,,2687837700,2733208196,1770298992,5,-44,,
2026-03-14T18:02:03.524Z,3318438507,602477924,3562713424,70,Traceroute,,,,,,,,,,,,,,,,,,,1179853932,31,,,,,,,,,,,,,,,,,,,,
2026-03-14T18:02:10.052Z,37729965,3562713424,4294967295,3,Position,374369611,-1221162453,6684,1773511329,LOC_INTERNAL,1773511329,98,89,15978000,20,32,,,,,,,,,,,,,,,,,,,,,,,,,,,,,
2026-03-14T18:02:23.158Z,3322136238,3562713424,602477924,70,Traceroute,,,,,,,,,,,,,,,,,,,1179853932,31,272049934,1360126850,19,0,7,2733236804,,-40,,,,,,,,,,,,
2026-03-14T18:02:41.104Z,829083312,3562713424,4294967295,3,Position,374306563,-1221124595,6752,1773511360,LOC_INTERNAL,1773511360,98,101,16160000,20,32,,,,,,,,,,,,,,,,,,,,,,,,,,,,,
2026-03-14T18:03:11.991Z,3250437809,3562713424,4294967295,3,Position,374244626,-1221086740,6812,1773511391,LOC_INTERNAL,1773511391,98,89,15641000,20,32,,,,,,,,,,,,,,,,,,,,,,,,,,,,,
2026-03-14T18:03:21.055Z,1830784154,2476372156,3562713424,70,Traceroute,,,,,,,,,,,,,,,,,,,873538553,-13,2881314839,3280008468,-52,-11,-50,2687837892,2687837700,0,-7,,,,,2733208196,,,,,,
2026-03-14T18:03:22.156Z,2844304050,3562713424,2476372156,70,Traceroute,,,,,,,,,,,,,,,,,,,873538553,-13,2881314839,3280008468,-52,-11,-50,2687837892,917262690,-19,-45,,,,,2733326740,,,-37,,,
2026-03-14T18:03:43.678Z,860627636,3562713424,4294967295,3,Position,374183950,-1221049790,6882,1773511422,LOC_INTERNAL,1773511422,98,80,15120000,20,32,,,,,,,,,,,,,,,,,,,,,,,,,,,,,
2026-03-14T18:04:13.883Z,1380852405,3562713424,4294967295,3,Position,374125210,-1221012546,6937,1773511453,LOC_INTERNAL,1773511453,98,79,15104000,20,32,,,,,,,,,,,,,,,,,,,,,,,,,,,,,
2026-03-14T18:04:17.816Z,2697413175,4194433947,3562713424,0,Unknown,,,,,,,,,,,,,,,,,,,,,,,,,,,,,,,,,,,,,,,,
2026-03-14T18:04:20.536Z,2697413176,4194433947,3562713424,70,Traceroute,,,,,,,,,,,,,,,,,,,4294967295,-128,1652206918,,-38,,,,,,,,,,,,,,,,,
2026-03-14T18:04:25.001Z,3559299766,3562713424,4194433947,70,Traceroute,,,,,,,,,,,,,,,,,,,4294967295,-128,1652206918,1744292545,-38,-1,-38,,,,,,,,,,,,,,,
2026-03-14T18:04:45.276Z,1719860920,3562713424,4294967295,3,Position,374069340,-1220976878,7003,1773511484,LOC_INTERNAL,1773511484,98,81,15133000,20,32,,,,,,,,,,,,,,,,,,,,,,,,,,,,,
2026-03-14T18:05:16.234Z,3372363449,3562713424,4294967295,3,Position,374016865,-1220939266,7062,1773511515,LOC_INTERNAL,1773511515,98,86,15443000,20,32,,,,,,,,,,,,,,,,,,,,,,,,,,,,,
2026-03-14T18:05:47.096Z,2799144634,3562713424,4294967295,3,Position,373965811,-1220898925,7124,1773511546,LOC_INTERNAL,1773511546,98,84,14121000,20,32,,,,,,,,,,,,,,,,,,,,,,,,,,,,,
2026-03-14T18:06:18.078Z,4224993979,3562713424,4294967295,3,Position,373916231,-1220855951,7183,1773511577,LOC_INTERNAL,1773511577,98,89,13807000,20,32,,,,,,,,,,,,,,,,,,,,,,,,,,,,,
2026-03-14T18:06:49.912Z,4293355196,3562713424,4294967295,3,Position,373868893,-1220813766,7253,1773511608,LOC_INTERNAL,1773511608,98,81,14346000,20,32,,,,,,,,,,,,,,,,,,,,,,,,,,,,,
2026-03-14T18:07:19.822Z,3272762045,3562713424,4294967295,3,Position,373823071,-1220772960,7319,1773511639,LOC_INTERNAL,1773511639,98,79,14426000,20,32,,,,,,,,,,,,,,,,,,,,,,,,,,,,,
2026-03-14T18:07:50.956Z,2683416254,3562713424,4294967295,3,Position,373780213,-1220735000,7381,1773511670,LOC_INTERNAL,1773511670,98,70,15337000,20,32,,,,,,,,,,,,,,,,,,,,,,,,,,,,,
2026-03-14T18:08:24.324Z,1267209919,3562713424,4294967295,3,Position,373736620,-1220695296,7452,1773511702,LOC_INTERNAL,1773511702,98,64,15056000,20,32,,,,,,,,,,,,,,,,,,,,,,,,,,,,,
2026-03-14T18:08:53.964Z,2264476352,3562713424,4294967295,3,Position,373693048,-1220657288,7514,1773511733,LOC_INTERNAL,1773511733,98,76,14839000,20,32,,,,,,,,,,,,,,,,,,,,,,,,,,,,,
2026-03-14T18:09:25.049Z,2445979329,3562713424,4294967295,3,Position,373647993,-1220616395,7586,1773511764,LOC_INTERNAL,1773511764,98,87,14629000,20,32,,,,,,,,,,,,,,,,,,,,,,,,,,,,,
2026-03-14T18:09:26.120Z,295569541,3723673045,3562713424,4,Node Info,,,,,,,,,,,,"""!ddf2bdd5""","""Glen Arbor AC3T""","""AC3T""","""\",PORTDUINO,"""\362\266\000\264@CP\0168\036s\324O\302\317T\235\356\354#\216\n\3657\324_!WU\225\302M""",false,,,,,,,,,,,,,,,,,,,,,"\335\362\275\325""",
2026-03-14T18:09:56.370Z,4034454210,3562713424,4294967295,3,Position,373600861,-1220574655,7653,1773511795,LOC_INTERNAL,1773511795,98,76,14984000,20,32,,,,,,,,,,,,,,,,,,,,,,,,,,,,,
2026-03-14T18:10:28.308Z,952149699,3562713424,4294967295,3,Position,373551850,-1220531518,7719,1773511827,LOC_INTERNAL,1773511827,98,61,14891000,20,32,,,,,,,,,,,,,,,,,,,,,,,,,,,,,
2026-03-14T18:10:58.824Z,2395853508,3562713424,4294967295,3,Position,373504038,-1220490180,7788,1773511858,LOC_INTERNAL,1773511858,98,74,13955000,20,32,,,,,,,,,,,,,,,,,,,,,,,,,,,,,
2026-03-14T18:11:29.839Z,3017680581,3562713424,4294967295,3,Position,373456090,-1220450931,7854,1773511889,LOC_INTERNAL,1773511889,98,70,15771000,20,32,,,,,,,,,,,,,,,,,,,,,,,,,,,,,
2026-03-14T18:12:00.949Z,1991358150,3562713424,4294967295,3,Position,373406033,-1220415058,7924,1773511920,LOC_INTERNAL,1773511920,98,70,16160000,20,32,,,,,,,,,,,,,,,,,,,,,,,,,,,,,
2026-03-14T18:12:31.917Z,1500500679,3562713424,4294967295,3,Position,373353725,-1220381201,7992,1773511951,LOC_INTERNAL,1773511951,98,83,15546000,20,32,,,,,,,,,,,,,,,,,,,,,,,,,,,,,
2026-03-14T18:13:03.660Z,324809416,3562713424,4294967295,3,Position,373299116,-1220349325,8068,1773511982,LOC_INTERNAL,1773511982,98,81,16173000,20,32,,,,,,,,,,,,,,,,,,,,,,,,,,,,,
2026-03-14T18:13:33.872Z,3761123017,3562713424,4294967295,3,Position,373241733,-1220316981,8147,1773512013,LOC_INTERNAL,1773512013,98,92,16117000,20,32,,,,,,,,,,,,,,,,,,,,,,,,,,,,,
2026-03-14T18:14:05.043Z,3608289994,3562713424,4294967295,3,Position,373182588,-1220285208,8212,1773512044,LOC_INTERNAL,1773512044,98,90,16630000,20,32,,,,,,,,,,,,,,,,,,,,,,,,,,,,,
2026-03-14T18:14:35.461Z,1495159825,4201496508,3562713424,70,Traceroute,,,,,,,,,,,,,,,,,,,1360126850,-40,,,,,,,,,,,,,,,,,,,,
2026-03-14T18:14:36.438Z,803371724,3562713424,4201496508,70,Traceroute,,,,,,,,,,,,,,,,,,,1360126850,-40,2733366252,,-57,-53,,,,,,,,,,,,,,,,
2026-03-14T18:14:36.767Z,2736649931,3562713424,4294967295,3,Position,373121515,-1220254976,8266,1773512075,LOC_INTERNAL,1773512075,98,75,16523000,20,32,,,,,,,,,,,,,,,,,,,,,,,,,,,,,
2026-03-14T18:15:07.113Z,341422798,3562713424,4294967295,3,Position,373059350,-1220227415,8332,1773512106,LOC_INTERNAL,1773512106,98,76,15993000,17,32,,,,,,,,,,,,,,,,,,,,,,,,,,,,,
2026-03-14T18:15:37.713Z,1843446479,3562713424,4294967295,3,Position,373000433,-1220200206,8394,1773512137,LOC_INTERNAL,1773512137,98,78,15772000,17,32,,,,,,,,,,,,,,,,,,,,,,,,,,,,,
2026-03-14T18:16:09.034Z,2247194320,3562713424,4294967295,3,Position,372941413,-1220172148,8462,1773512168,LOC_INTERNAL,1773512168,98,72,16796000,17,32,,,,,,,,,,,,,,,,,,,,,,,,,,,,,
2026-03-14T18:16:40.304Z,691219153,3562713424,4294967295,3,Position,372881905,-1220144345,8527,1773512199,LOC_INTERNAL,1773512199,98,77,16067000,17,32,,,,,,,,,,,,,,,,,,,,,,,,,,,,,
2026-03-14T18:17:10.908Z,2721767122,3562713424,4294967295,3,Position,372821443,-1220118550,8591,1773512230,LOC_INTERNAL,1773512230,98,87,16954000,17,32,,,,,,,,,,,,,,,,,,,,,,,,,,,,,
2026-03-14T18:17:42.109Z,3133366995,3562713424,4294967295,3,Position,372760750,-1220091798,8661,1773512261,LOC_INTERNAL,1773512261,98,81,16418000,17,32,,,,,,,,,,,,,,,,,,,,,,,,,,,,,
2026-03-14T18:17:54.976Z,4270851796,3562713424,890397693,5,Routing,,,,,,,,,,,,,,,,,,,,,,,,,,,,,,,,,,,,,,,,PKI_UNKNOWN_PUBKEY
2026-03-14T18:17:55.233Z,1332659606,890397693,3562713424,0,Unknown,,,,,,,,,,,,,,,,,,,,,,,,,,,,,,,,,,,,,,,,
2026-03-14T18:18:06.263Z,4167156437,3562713424,890397693,5,Routing,,,,,,,,,,,,,,,,,,,,,,,,,,,,,,,,,,,,,,,,PKI_UNKNOWN_PUBKEY
2026-03-14T18:18:12.764Z,134223574,3562713424,4294967295,3,Position,372698845,-1220061456,8730,1773512292,LOC_INTERNAL,1773512292,98,91,16822000,16,32,,,,,,,,,,,,,,,,,,,,,,,,,,,,,
2026-03-14T18:18:16.186Z,2078918801,3723673045,3562713424,4,Node Info,,,,,,,,,,,,"""!ddf2bdd5""","""Glen Arbor AC3T""","""AC3T""","""\",PORTDUINO,"""\362\266\000\264@CP\0168\036s\324O\302\317T\235\356\354#\216\n\3657\324_!WU\225\302M""",false,,,,,,,,,,,,,,,,,,,,,"\335\362\275\325""",
2026-03-14T18:18:43.865Z,1633853143,3562713424,4294967295,3,Position,372635521,-1220028351,8811,1773512323,LOC_INTERNAL,1773512323,98,101,15195000,16,32,,,,,,,,,,,,,,,,,,,,,,,,,,,,,
2026-03-14T18:19:14.957Z,2573619928,3562713424,890397693,5,Routing,,,,,,,,,,,,,,,,,,,,,,,,,,,,,,,,,,,,,,,,PKI_UNKNOWN_PUBKEY
2026-03-14T18:19:15.302Z,3370306265,3562713424,4294967295,3,Position,372571393,-1219995493,8879,1773512354,LOC_INTERNAL,1773512354,98,101,16356000,16,32,,,,,,,,,,,,,,,,,,,,,,,,,,,,,
2026-03-14T18:19:45.726Z,3612719834,3562713424,4294967295,3,Position,372505365,-1219962505,8955,1773512385,LOC_INTERNAL,1773512385,98,90,16087000,16,32,,,,,,,,,,,,,,,,,,,,,,,,,,,,,
2026-03-14T18:19:54.929Z,1332659610,890397693,3562713424,4,Node Info,,,,,,,,,,,,"""!351263fd""","""NOHI Solar""","""NOH4""","""\350\0225\022c\375""",RAK4631,"""\344\004\273<{\034\037\323\315\242$\330D\036\304\216\206~jB\016\034\333@\321\316\325,\212\275\\\034""",true,,,,,,,,,,,,,,CLIENT_BASE,,,,,,,,
2026-03-14T18:19:57.790Z,1332659609,890397693,3562713424,0,Unknown,,,,,,,,,,,,,,,,,,,,,,,,,,,,,,,,,,,,,,,,
2026-03-14T18:19:57.923Z,427661019,3562713424,890397693,4,Node Info,,,,,,,,,,,,"""!d45ab150""","""Spacebridge04""","""🎈""","""\034\333\324Z\261P""",SEEED_XIAO_S3,"""\226\237ee\007$TA\2327O\321\272=\227\0321`*\332\033\261\261@\000\363\017\253o\235\313@""",false,,,,,,,,,,,,,,,,,,,,,,
2026-03-14T18:20:01.160Z,1981648604,3562713424,890397693,5,Routing,,,,,,,,,,,,,,,,,,,,,,,,,,,,,,,,,,,,,,,,ADMIN_PUBLIC_KEY_UNAUTHORIZED
2026-03-14T18:20:18.029Z,2792469214,3562713424,4294967295,3,Position,372436530,-1219930373,9039,1773512417,LOC_INTERNAL,1773512417,98,96,15931000,16,32,,,,,,,,,,,,,,,,,,,,,,,,,,,,,
2026-03-14T18:20:30.047Z,1332659611,890397693,3562713424,0,Unknown,,,,,,,,,,,,,,,,,,,,,,,,,,,,,,,,,,,,,,,,
2026-03-14T18:20:30.054Z,3849131743,3562713424,890397693,5,Routing,,,,,,,,,,,,,,,,,,,,,,,,,,,,,,,,,,,,,,,,NONE
2026-03-14T18:20:48.886Z,3870385889,3562713424,4294967295,3,Position,372369180,-1219899133,9119,1773512448,LOC_INTERNAL,1773512448,98,92,16155000,16,32,,,,,,,,,,,,,,,,,,,,,,,,,,,,,
2026-03-14T18:21:21.195Z,3238216418,3562713424,4294967295,3,Position,372296455,-1219869541,9202,1773512480,LOC_INTERNAL,1773512480,98,98,16176000,16,32,,,,,,,,,,,,,,,,,,,,,,,,,,,,,
2026-03-14T18:21:51.964Z,3667630819,3562713424,4294967295,3,Position,372224288,-1219843163,9276,1773512511,LOC_INTERNAL,1773512511,112,108,16465000,15,32,,,,,,,,,,,,,,,,,,,,,,,,,,,,,
2026-03-14T18:22:23.044Z,3202041572,3562713424,4294967295,3,Position,372149948,-1219816328,9356,1773512542,LOC_INTERNAL,1773512542,112,108,15903000,15,32,,,,,,,,,,,,,,,,,,,,,,,,,,,,,
2026-03-14T18:22:54.158Z,2592152293,3562713424,4294967295,3,Position,372071410,-1219791685,9434,1773512573,LOC_INTERNAL,1773512573,112,117,17042000,14,32,,,,,,,,,,,,,,,,,,,,,,,,,,,,,
2026-03-14T18:23:24.849Z,1574541030,3562713424,4294967295,3,Position,371990561,-1219767255,9511,1773512604,LOC_INTERNAL,1773512604,112,103,16733000,14,32,,,,,,,,,,,,,,,,,,,,,,,,,,,,,
2026-03-14T18:23:25.630Z,2999641241,3723673045,3562713424,4,Node Info,,,,,,,,,,,,"""!ddf2bdd5""","""Glen Arbor AC3T""","""AC3T""","""\",PORTDUINO,"""\362\266\000\264@CP\0168\036s\324O\302\317T\235\356\354#\216\n\3657\324_!WU\225\302M""",false,,,,,,,,,,,,,,,,,,,,,"\335\362\275\325""",
2026-03-14T18:23:55.757Z,2585835239,3562713424,4294967295,3,Position,371908168,-1219745386,9589,1773512635,LOC_INTERNAL,1773512635,112,121,16670000,14,32,,,,,,,,,,,,,,,,,,,,,,,,,,,,,
2026-03-14T18:24:27.080Z,4280769256,3562713424,4294967295,3,Position,371824445,-1219724796,9664,1773512666,LOC_INTERNAL,1773512666,112,109,16867000,14,32,,,,,,,,,,,,,,,,,,,,,,,,,,,,,
2026-03-14T18:24:57.719Z,2860912361,3562713424,4294967295,3,Position,371739765,-1219706373,9746,1773512697,LOC_INTERNAL,1773512697,112,122,16630000,14,32,,,,,,,,,,,,,,,,,,,,,,,,,,,,,
2026-03-14T18:25:29.319Z,3644576490,3562713424,4294967295,3,Position,371654768,-1219688846,9826,1773512728,LOC_INTERNAL,1773512728,112,109,16984000,14,32,,,,,,,,,,,,,,,,,,,,,,,,,,,,,
2026-03-14T18:26:00.320Z,4103279339,3562713424,4294967295,3,Position,371569656,-1219673653,9900,1773512759,LOC_INTERNAL,1773512759,112,125,16964000,14,32,,,,,,,,,,,,,,,,,,,,,,,,,,,,,
2026-03-14T18:26:30.839Z,4205882092,3562713424,4294967295,3,Position,371484206,-1219660630,9971,1773512790,LOC_INTERNAL,1773512790,112,114,16907000,14,32,,,,,,,,,,,,,,,,,,,,,,,,,,,,,
2026-03-14T18:27:01.708Z,1344117485,3562713424,4294967295,3,Position,371398011,-1219649701,10052,1773512821,LOC_INTERNAL,1773512821,112,120,17382000,14,32,,,,,,,,,,,,,,,,,,,,,,,,,,,,,
2026-03-14T18:27:32.888Z,3173792494,3562713424,4294967295,3,Position,371312806,-1219639113,10123,1773512852,LOC_INTERNAL,1773512852,112,106,17192000,14,32,,,,,,,,,,,,,,,,,,,,,,,,,,,,,
2026-03-14T18:28:03.883Z,2015890159,3562713424,4294967295,3,Position,371229843,-1219628486,10199,1773512883,LOC_INTERNAL,1773512883,112,113,16701000,14,32,,,,,,,,,,,,,,,,,,,,,,,,,,,,,
2026-03-14T18:28:10.294Z,1035912078,3663388484,3562713424,4,Node Info,,,,,,,,,,,,"""!da5adf44""","""ARBORETUM-ALPHA""","""ARBA""","""4\267\332Z\337D""",TLORA_T3_S3,,,,,,,,,,,,,,,,,,,,,,,,
2026-03-14T18:28:34.774Z,1628792992,3723673045,3562713424,4,Node Info,,,,,,,,,,,,"""!ddf2bdd5""","""Glen Arbor AC3T""","""AC3T""","""\",PORTDUINO,"""\362\266\000\264@CP\0168\036s\324O\302\317T\235\356\354#\216\n\3657\324_!WU\225\302M""",false,,,,,,,,,,,,,,,,,,,,,"\335\362\275\325""",
2026-03-14T18:28:34.831Z,1896102640,3562713424,4294967295,3,Position,371150378,-1219617081,10270,1773512914,LOC_INTERNAL,1773512914,112,92,17490000,14,32,,,,,,,,,,,,,,,,,,,,,,,,,,,,,
2026-03-14T18:29:05.663Z,3544874737,3562713424,4294967295,3,Position,371070563,-1219605473,10346,1773512945,LOC_INTERNAL,1773512945,112,91,17117000,14,32,,,,,,,,,,,,,,,,,,,,,,,,,,,,,
2026-03-14T18:29:37.997Z,1184487154,3562713424,4294967295,3,Position,370988581,-1219595811,10426,1773512977,LOC_INTERNAL,1773512977,112,112,17278000,14,32,,,,,,,,,,,,,,,,,,,,,,,,,,,,,
2026-03-14T18:30:08.028Z,2276684122,2537146166,3562713424,3,Position,369682266,-1219807109,21,1773513007,,,,,,,,,,,,,,,,,,,,,,,,,,,,,,,,,,,,
2026-03-14T18:30:08.977Z,2156882675,3562713424,4294967295,3,Position,370907558,-1219586893,10510,1773513008,LOC_INTERNAL,1773513008,112,108,17391000,14,32,,,,,,,,,,,,,,,,,,,,,,,,,,,,,
2026-03-14T18:30:13.960Z,2276684123,2537146166,3562713424,70,Traceroute,,,,,,,,,,,,,,,,,,,694592213,47,,,,,,,,,,,,,,,,,,,,
2026-03-14T18:30:17.005Z,3833203444,3562713424,2537146166,3,Position,370907558,-1219586893,10510,1773513016,LOC_INTERNAL,1773513008,112,108,17391000,14,32,,,,,,,,,,,,,,,,,,,,,,,,,,,,,
2026-03-14T18:30:39.676Z,3385919221,3562713424,4294967295,3,Position,370825583,-1219576163,10633,1773513039,LOC_INTERNAL,1773513039,126,111,17337000,13,32,,,,,,,,,,,,,,,,,,,,,,,,,,,,,
2026-03-14T18:30:57.919Z,1773512763,200623183,3562713424,0,Unknown,,,,,,,,,,,,,,,,,,,,,,,,,,,,,,,,,,,,,,,,
2026-03-14T18:31:10.107Z,1773512766,200623183,3562713424,0,Unknown,,,,,,,,,,,,,,,,,,,,,,,,,,,,,,,,,,,,,,,,
2026-03-14T18:31:10.707Z,3542517494,3562713424,4294967295,3,Position,370742396,-1219563601,10718,1773513070,LOC_INTERNAL,1773513070,112,102,16879000,14,32,,,,,,,,,,,,,,,,,,,,,,,,,,,,,
2026-03-14T18:31:41.806Z,3355690743,3562713424,4294967295,3,Position,370656398,-1219552915,10826,1773513101,LOC_INTERNAL,1773513101,112,111,17487000,14,32,,,,,,,,,,,,,,,,,,,,,,,,,,,,,
2026-03-14T18:32:12.751Z,2681019128,3562713424,4294967295,3,Position,370567438,-1219545388,10893,1773513132,LOC_INTERNAL,1773513132,112,119,17406000,14,32,,,,,,,,,,,,,,,,,,,,,,,,,,,,,
2026-03-14T18:32:46.432Z,2406645497,3562713424,4294967295,3,Position,370469015,-1219536075,10955,1773513165,LOC_INTERNAL,1773513165,141,123,17297000,13,32,,,,,,,,,,,,,,,,,,,,,,,,,,,,,
2026-03-14T18:33:17.211Z,1465847546,3562713424,4294967295,3,Position,370375576,-1219526841,11036,1773513196,LOC_INTERNAL,1773513196,141,123,17653000,13,32,,,,,,,,,,,,,,,,,,,,,,,,,,,,,
2026-03-14T18:33:47.842Z,4065207463,3723673045,3562713424,4,Node Info,,,,,,,,,,,,"""!ddf2bdd5""","""Glen Arbor AC3T""","""AC3T""","""\",PORTDUINO,"""\362\266\000\264@CP\0168\036s\324O\302\317T\235\356\354#\216\n\3657\324_!WU\225\302M""",false,,,,,,,,,,,,,,,,,,,,,"\335\362\275\325""",
2026-03-14T18:33:47.854Z,3054855931,3562713424,4294967295,3,Position,370285171,-1219511778,11118,1773513227,LOC_INTERNAL,1773513227,141,110,16659000,13,32,,,,,,,,,,,,,,,,,,,,,,,,,,,,,
2026-03-14T18:34:18.757Z,3077252860,3562713424,4294967295,3,Position,370196853,-1219496448,11198,1773513258,LOC_INTERNAL,1773513258,141,119,17170000,13,32,,,,,,,,,,,,,,,,,,,,,,,,,,,,,
2026-03-14T18:34:49.825Z,365168381,3562713424,4294967295,3,Position,370111763,-1219480640,11279,1773513289,LOC_INTERNAL,1773513289,141,114,17548000,13,32,,,,,,,,,,,,,,,,,,,,,,,,,,,,,
2026-03-14T18:35:20.842Z,3123305214,3562713424,4294967295,3,Position,370029775,-1219462350,11346,1773513320,LOC_INTERNAL,1773513320,141,106,16672000,13,32,,,,,,,,,,,,,,,,,,,,,,,,,,,,,
2026-03-14T18:35:51.732Z,265597695,3562713424,4294967295,3,Position,369948940,-1219444741,11409,1773513351,LOC_INTERNAL,1773513351,141,103,17098000,13,32,,,,,,,,,,,,,,,,,,,,,,,,,,,,,
2026-03-14T18:36:22.642Z,1576535808,3562713424,4294967295,3,Position,369868748,-1219423123,11454,1773513382,LOC_INTERNAL,1773513382,141,106,16539000,13,32,,,,,,,,,,,,,,,,,,,,,,,,,,,,,
2026-03-14T18:36:54.739Z,4175540993,3562713424,4294967295,3,Position,369795275,-1219393890,11533,1773513413,LOC_INTERNAL,1773513413,141,94,16437000,13,32,,,,,,,,,,,,,,,,,,,,,,,,,,,,,
2026-03-14T18:37:25.314Z,3566968578,3562713424,4294967295,3,Position,369724580,-1219359230,11618,1773513444,LOC_INTERNAL,1773513444,141,103,15361000,13,32,,,,,,,,,,,,,,,,,,,,,,,,,,,,,
2026-03-14T18:37:55.859Z,875171587,3562713424,4294967295,3,Position,369656136,-1219318676,11702,1773513475,LOC_INTERNAL,1773513475,141,103,15093000,13,32,,,,,,,,,,,,,,,,,,,,,,,,,,,,,
2026-03-14T18:38:28.427Z,4112999172,3562713424,4294967295,3,Position,369585613,-1219263788,11829,1773513506,LOC_INTERNAL,1773513506,141,107,14668000,13,32,,,,,,,,,,,,,,,,,,,,,,,,,,,,,
2026-03-14T18:38:58.198Z,2748964613,3562713424,4294967295,3,Position,369517005,-1219199123,11943,1773513537,LOC_INTERNAL,1773513537,141,117,14372000,13,32,,,,,,,,,,,,,,,,,,,,,,,,,,,,,
2026-03-14T18:38:58.226Z,2578994352,3723673045,3562713424,4,Node Info,,,,,,,,,,,,"""!ddf2bdd5""","""Glen Arbor AC3T""","""AC3T""","""\",PORTDUINO,"""\362\266\000\264@CP\0168\036s\324O\302\317T\235\356\354#\216\n\3657\324_!WU\225\302M""",false,,,,,,,,,,,,,,,,,,,,,"\335\362\275\325""",
2026-03-14T18:39:28.841Z,2555955974,3562713424,4294967295,3,Position,369454488,-1219124933,12097,1773513568,LOC_INTERNAL,1773513568,141,112,13175000,13,32,,,,,,,,,,,,,,,,,,,,,,,,,,,,,
2026-03-14T18:40:01.914Z,3015063303,3562713424,4294967295,3,Position,369392630,-1219042901,12257,1773513599,LOC_INTERNAL,1773513599,141,111,13562000,13,32,,,,,,,,,,,,,,,,,,,,,,,,,,,,,
2026-03-14T18:40:31.071Z,1035930376,3562713424,4294967295,3,Position,369325331,-1218960071,12332,1773513630,LOC_INTERNAL,1773513630,141,137,13522000,13,32,,,,,,,,,,,,,,,,,,,,,,,,,,,,,
2026-03-14T18:40:48.319Z,2804331273,3562713424,4294967295,4,Node Info,,,,,,,,,,,,"""!d45ab150""","""Spacebridge04""","""🎈""","""\034\333\324Z\261P""",SEEED_XIAO_S3,"""\226\237ee\007$TA\2327O\321\272=\227\0321`*\332\033\261\261@\000\363\017\253o\235\313@""",false,,,,,,,,,,,,,,,,,,,,,,
2026-03-14T18:41:02.964Z,2258142986,3562713424,4294967295,3,Position,369260583,-1218863941,12350,1773513661,LOC_INTERNAL,1773513661,141,128,13479000,13,32,,,,,,,,,,,,,,,,,,,,,,,,,,,,,
2026-03-14T18:41:08.653Z,1970402411,1472796892,3562713424,3,Position,363102208,-1215660032,1524,1769319264,LOC_MANUAL,,,0,0,,16,,,,,,,,,,,,,,,,,,,,,,,,,,,,,
2026-03-14T18:41:33.136Z,1306933003,3562713424,4294967295,3,Position,369201280,-1218781371,12422,1773513692,LOC_INTERNAL,1773513692,141,110,13112000,13,32,,,,,,,,,,,,,,,,,,,,,,,,,,,,,
2026-03-14T18:41:51.097Z,2828932876,3562713424,602477924,70,Traceroute,,,,,,,,,,,,,,,,,,,,-51,,,,,,,,,,,,,,,,,,,,
2026-03-14T18:42:04.062Z,2370653966,3562713424,4294967295,3,Position,369143256,-1218712340,12521,1773513723,LOC_INTERNAL,1773513723,141,105,13907000,13,32,,,,,,,,,,,,,,,,,,,,,,,,,,,,,
2026-03-14T18:42:37.602Z,142627599,3562713424,4294967295,3,Position,369094791,-1218641136,12503,1773513754,LOC_INTERNAL,1773513754,141,101,12301000,13,32,,,,,,,,,,,,,,,,,,,,,,,,,,,,,
2026-03-14T18:43:06.350Z,1967680272,3562713424,602477924,70,Traceroute,,,,,,,,,,,,,,,,,,,,-39,,,,,,,,,,,,,,,,,,,,
2026-03-14T18:43:10.016Z,2400879961,2757181776,3562713424,4,Node Info,,,,,,,,,,,,"""!a4574150""","""🌮 Supreme""","""🌮""","""\341.\244WAP""",RAK4631,"""\343\362\202N\212\327\252(\255\tM\265}\273\320\335\037\324Zi;\231\277\251\027\344\260e/\206\t\025""",,,,,,,,,,,,,,,,,,,,,,,
2026-03-14T18:43:13.188Z,118906641,3562713424,4294967295,3,Position,369051366,-1218570946,12585,1773513785,LOC_INTERNAL,1773513785,84,97,11844000,18,32,,,,,,,,,,,,,,,,,,,,,,,,,,,,,
2026-03-14T18:43:36.994Z,3683162899,3562713424,4294967295,3,Position,369010655,-1218505175,12688,1773513816,LOC_INTERNAL,1773513816,84,71,12153000,18,32,,,,,,,,,,,,,,,,,,,,,,,,,,,,,
2026-03-14T18:44:08.719Z,618352404,3562713424,4294967295,3,Position,368977270,-1218438626,12773,1773513847,LOC_INTERNAL,1773513847,84,84,11066000,19,32,,,,,,,,,,,,,,,,,,,,,,,,,,,,,
2026-03-14T18:44:39.259Z,1754050743,3723673045,3562713424,4,Node Info,,,,,,,,,,,,"""!ddf2bdd5""","""Glen Arbor AC3T""","""AC3T""","""\",PORTDUINO,"""\362\266\000\264@CP\0168\036s\324O\302\317T\235\356\354#\216\n\3657\324_!WU\225\302M""",false,,,,,,,,,,,,,,,,,,,,,"\335\362\275\325""",
2026-03-14T18:44:39.276Z,1976984341,3562713424,4294967295,3,Position,368947195,-1218366928,12869,1773513878,LOC_INTERNAL,1773513878,84,86,11494000,19,32,,,,,,,,,,,,,,,,,,,,,,,,,,,,,
2026-03-14T18:45:10.385Z,3779718934,3562713424,4294967295,3,Position,368922510,-1218298813,12955,1773513909,LOC_INTERNAL,1773513909,84,84,11760000,19,32,,,,,,,,,,,,,,,,,,,,,,,,,,,,,
2026-03-14T18:45:41.081Z,2042928919,3562713424,4294967295,3,Position,368903048,-1218232516,13069,1773513940,LOC_INTERNAL,1773513940,84,68,10669000,18,32,,,,,,,,,,,,,,,,,,,,,,,,,,,,,
2026-03-14T18:45:45.881Z,1935218456,3562713424,602477924,70,Traceroute,,,,,,,,,,,,,,,,,,,,-41,,,,,,,,,,,,,,,,,,,,
2026-03-14T18:46:12.509Z,1196777242,3562713424,4294967295,3,Position,368885738,-1218159003,13117,1773513971,LOC_INTERNAL,1773513971,84,73,9839000,19,32,,,,,,,,,,,,,,,,,,,,,,,,,,,,,
2026-03-14T18:46:42.832Z,3779600155,3562713424,4294967295,3,Position,368875443,-1218080965,13219,1773514002,LOC_INTERNAL,1773514002,84,84,10286000,19,32,,,,,,,,,,,,,,,,,,,,,,,,,,,,,
2026-03-14T18:46:56.360Z,2997423900,3562713424,602477924,4,Node Info,,,,,,,,,,,,"""!d45ab150""","""Spacebridge04""","""🎈""","""\034\333\324Z\261P""",SEEED_XIAO_S3,"""\226\237ee\007$TA\2327O\321\272=\227\0321`*\332\033\261\261@\000\363\017\253o\235\313@""",false,,,,,,,,,,,,,,,,,,,,,,
2026-03-14T18:47:13.971Z,1918917405,3562713424,4294967295,3,Position,368865265,-1217997855,13315,1773514033,LOC_INTERNAL,1773514033,84,90,9147000,19,32,,,,,,,,,,,,,,,,,,,,,,,,,,,,,
2026-03-14T18:47:44.966Z,3070468894,3562713424,4294967295,3,Position,368854778,-1217905813,13401,1773514064,LOC_INTERNAL,1773514064,84,101,9857000,19,32,,,,,,,,,,,,,,,,,,,,,,,,,,,,,
2026-03-14T18:48:15.938Z,2830588703,3562713424,4294967295,3,Position,368843473,-1217806981,13483,1773514095,LOC_INTERNAL,1773514095,84,104,9919000,18,32,,,,,,,,,,,,,,,,,,,,,,,,,,,,,
2026-03-14T18:48:47.697Z,33905440,3562713424,4294967295,3,Position,368829313,-1217702795,13584,1773514126,LOC_INTERNAL,1773514126,84,116,9313000,18,32,,,,,,,,,,,,,,,,,,,,,,,,,,,,,
2026-03-14T18:49:18.284Z,620634913,3562713424,4294967295,3,Position,368809963,-1217592765,13727,1773514157,LOC_INTERNAL,1773514157,84,130,10438000,18,32,,,,,,,,,,,,,,,,,,,,,,,,,,,,,
2026-03-14T18:49:50.384Z,4253390626,3562713424,4294967295,3,Position,368788430,-1217486913,13828,1773514188,LOC_INTERNAL,1773514188,84,102,10277000,18,32,,,,,,,,,,,,,,,,,,,,,,,,,,,,,
2026-03-14T18:50:19.869Z,922236707,3562713424,4294967295,3,Position,368764698,-1217382746,13919,1773514219,LOC_INTERNAL,1773514219,84,126,10379000,18,32,,,,,,,,,,,,,,,,,,,,,,,,,,,,,
2026-03-14T18:50:55.472Z,4209429284,3562713424,4294967295,3,Position,368738136,-1217273828,13982,1773514250,LOC_INTERNAL,1773514250,84,114,11133000,18,32,,,,,,,,,,,,,,,,,,,,,,,,,,,,,
2026-03-14T18:51:21.804Z,3466075941,3562713424,4294967295,3,Position,368710276,-1217164466,14065,1773514281,LOC_INTERNAL,1773514281,84,118,10324000,18,32,,,,,,,,,,,,,,,,,,,,,,,,,,,,,
2026-03-14T18:51:53.912Z,3197264678,3562713424,4294967295,3,Position,368683053,-1217058638,14166,1773514312,LOC_INTERNAL,1773514312,84,111,11196000,18,32,,,,,,,,,,,,,,,,,,,,,,,,,,,,,
2026-03-14T18:52:24.181Z,4070439719,3562713424,4294967295,3,Position,368652980,-1216954153,14246,1773514343,LOC_INTERNAL,1773514343,84,121,10892000,18,32,,,,,,,,,,,,,,,,,,,,,,,,,,,,,
2026-03-14T18:52:54.933Z,2363615016,3562713424,4294967295,3,Position,368623903,-1216849260,14342,1773514374,LOC_INTERNAL,1773514374,84,118,11479000,18,32,,,,,,,,,,,,,,,,,,,,,,,,,,,,,
2026-03-14T18:53:26.897Z,2325507881,3562713424,4294967295,3,Position,368591550,-1216746975,14436,1773514405,LOC_INTERNAL,1773514405,84,118,10765000,19,32,,,,,,,,,,,,,,,,,,,,,,,,,,,,,
2026-03-14T18:53:58.495Z,1397119786,3562713424,4294967295,3,Position,368561826,-1216653993,14541,1773514436,LOC_INTERNAL,1773514436,84,95,11178000,19,32,,,,,,,,,,,,,,,,,,,,,,,,,,,,,
2026-03-14T18:54:27.794Z,1050825515,3562713424,4294967295,3,Position,368543568,-1216567395,14646,1773514467,LOC_INTERNAL,1773514467,84,87,10180000,19,32,,,,,,,,,,,,,,,,,,,,,,,,,,,,,
2026-03-14T18:55:03.860Z,351457068,3562713424,4294967295,3,Position,368530035,-1216473053,14742,1773514500,LOC_INTERNAL,1773514500,84,82,10458000,18,32,,,,,,,,,,,,,,,,,,,,,,,,,,,,,
2026-03-14T18:55:34.695Z,3547321133,3562713424,4294967295,3,Position,368520518,-1216385746,14810,1773514531,LOC_INTERNAL,1773514531,84,94,9684000,18,32,,,,,,,,,,,,,,,,,,,,,,,,,,,,,
2026-03-14T18:56:03.162Z,2199712558,3562713424,4294967295,3,Position,368515911,-1216295676,14898,1773514562,LOC_INTERNAL,1773514562,84,110,9124000,19,32,,,,,,,,,,,,,,,,,,,,,,,,,,,,,
2026-03-14T18:56:34.826Z,2927117103,3562713424,4294967295,3,Position,368513126,-1216202023,14983,1773514593,LOC_INTERNAL,1773514593,84,100,9028000,19,32,,,,,,,,,,,,,,,,,,,,,,,,,,,,,
2026-03-14T18:56:40.941Z,2157058463,67620436,3562713424,4,Node Info,,,,,,,,,,,,"""!0407ce54""","""VicTec ce54""","""ce54""","""\254\247\004\007\316T""",HELTEC_V3,"""\260$\245^\334\010.\301NRh\\\304\306\203\272\227\332\010>\266\334\r/\366\247\221\001\375|{Q""",false,,,,,,,,,,,,,,,,,,,,,,
2026-03-14T18:56:53.679Z,448021296,3562713424,67620436,4,Node Info,,,,,,,,,,,,"""!d45ab150""","""Spacebridge04""","""🎈""","""\034\333\324Z\261P""",SEEED_XIAO_S3,"""\226\237ee\007$TA\2327O\321\272=\227\0321`*\332\033\261\261@\000\363\017\253o\235\313@""",false,,,,,,,,,,,,,,,,,,,,,,
2026-03-14T18:57:05.545Z,947277617,3562713424,4294967295,3,Position,368506970,-1216101005,15024,1773514624,LOC_INTERNAL,1773514624,84,105,9904000,19,32,,,,,,,,,,,,,,,,,,,,,,,,,,,,,
2026-03-14T18:57:35.913Z,2602982194,3562713424,4294967295,3,Position,368494543,-1215999306,15103,1773514655,LOC_INTERNAL,1773514655,84,106,9716000,19,32,,,,,,,,,,,,,,,,,,,,,,,,,,,,,
2026-03-14T18:58:10.726Z,997800755,3562713424,4294967295,3,Position,368479380,-1215893150,15168,1773514687,LOC_INTERNAL,1773514687,84,107,9941000,18,32,,,,,,,,,,,,,,,,,,,,,,,,,,,,,
2026-03-14T18:58:39.427Z,606887732,3562713424,4294967295,3,Position,368460028,-1215786636,15256,1773514718,LOC_INTERNAL,1773514718,84,118,10990000,18,32,,,,,,,,,,,,,,,,,,,,,,,,,,,,,
2026-03-14T18:59:10.065Z,957520693,3562713424,4294967295,3,Position,368437126,-1215688203,15350,1773514749,LOC_INTERNAL,1773514749,84,104,10685000,18,32,,,,,,,,,,,,,,,,,,,,,,,,,,,,,
2026-03-14T18:59:41.047Z,2097556278,3562713424,4294967295,3,Position,368412756,-1215595056,15457,1773514780,LOC_INTERNAL,1773514780,84,95,10573000,18,32,,,,,,,,,,,,,,,,,,,,,,,,,,,,,
2026-03-14T19:00:12.278Z,671491895,3562713424,4294967295,3,Position,368379535,-1215506570,15534,1773514811,LOC_INTERNAL,1773514811,126,106,12076000,13,32,,,,,,,,,,,,,,,,,,,,,,,,,,,,,
2026-03-14T19:00:45.694Z,422289208,3562713424,4294967295,3,Position,368343185,-1215425851,15624,1773514842,LOC_INTERNAL,1773514842,84,91,10918000,18,32,,,,,,,,,,,,,,,,,,,,,,,,,,,,,
2026-03-14T19:01:18.918Z,2318979897,3562713424,4294967295,3,Position,368312208,-1215352091,15722,1773514873,LOC_INTERNAL,1773514873,84,86,11657000,18,32,,,,,,,,,,,,,,,,,,,,,,,,,,,,,
2026-03-14T19:01:28.451Z,2268471098,3562713424,2537146166,70,Traceroute,,,,,,,,,,,,,,,,,,,694592213,45,,,-52,,,,,,,,,,,,,,,,,
2026-03-14T19:01:44.882Z,2388246332,3562713424,4294967295,3,Position,368288376,-1215280261,15826,1773514904,LOC_INTERNAL,1773514903,84,88,11856000,19,32,,,,,,,,,,,,,,,,,,,,,,,,,,,,,
2026-03-14T19:02:16.570Z,1833583421,3562713424,4294967295,3,Position,368265050,-1215203320,15898,1773514935,LOC_INTERNAL,1773514934,84,77,11343000,18,32,,,,,,,,,,,,,,,,,,,,,,,,,,,,,
2026-03-14T19:02:47.648Z,609907518,3562713424,4294967295,3,Position,368247790,-1215120481,15988,1773514966,LOC_INTERNAL,1773514966,84,93,10350000,18,32,,,,,,,,,,,,,,,,,,,,,,,,,,,,,
2026-03-14T19:03:39.457Z,352051007,3562713424,4294967295,3,Position,368232016,-1214982670,16107,1773515018,LOC_INTERNAL,1773515017,84,107,9763000,18,32,,,,,,,,,,,,,,,,,,,,,,,,,,,,,
2026-03-14T19:04:36.025Z,1228374848,3562713424,4294967295,3,Position,368207513,-1214808375,16251,1773515075,LOC_INTERNAL,1773515075,84,106,11260000,18,32,,,,,,,,,,,,,,,,,,,,,,,,,,,,,
2026-03-14T19:04:54.487Z,1250375036,2757181776,3562713424,4,Node Info,,,,,,,,,,,,"""!a4574150""","""🌮 Supreme""","""🌮""","""\341.\244WAP""",RAK4631,"""\343\362\202N\212\327\252(\255\tM\265}\273\320\335\037\324Zi;\231\277\251\027\344\260e/\206\t\025""",,,,,,,,,,,,,,,,,,,,,,,
2026-03-14T19:05:05.760Z,3721594689,3562713424,2757181776,4,Node Info,,,,,,,,,,,,"""!d45ab150""","""Spacebridge04""","""🎈""","""\034\333\324Z\261P""",SEEED_XIAO_S3,"""\226\237ee\007$TA\2327O\321\272=\227\0321`*\332\033\261\261@\000\363\017\253o\235\313@""",false,,,,,,,,,,,,,,,,,,,,,,
2026-03-14T19:05:10.660Z,2384028482,3562713424,4294967295,3,Position,368183481,-1214713740,16338,1773515106,LOC_INTERNAL,1773515106,84,98,10545000,18,32,,,,,,,,,,,,,,,,,,,,,,,,,,,,,
2026-03-14T19:05:38.861Z,64082755,3562713424,4294967295,3,Position,368157591,-1214623610,16422,1773515137,LOC_INTERNAL,1773515137,126,90,11493000,13,32,,,,,,,,,,,,,,,,,,,,,,,,,,,,,
2026-03-14T19:06:08.927Z,2295929668,3562713424,4294967295,3,Position,368130670,-1214537385,16513,1773515168,LOC_INTERNAL,1773515168,84,82,11278000,18,32,,,,,,,,,,,,,,,,,,,,,,,,,,,,,
2026-03-14T19:06:40.491Z,2571471685,3562713424,4294967295,3,Position,368103628,-1214456553,16612,1773515199,LOC_INTERNAL,1773515199,141,89,10316000,13,32,,,,,,,,,,,,,,,,,,,,,,,,,,,,,
2026-03-14T19:07:13.087Z,2194578246,3562713424,4294967295,3,Position,368078285,-1214380475,16721,1773515231,LOC_INTERNAL,1773515231,141,80,11576000,13,32,,,,,,,,,,,,,,,,,,,,,,,,,,,,,
2026-03-14T19:07:43.880Z,2299689799,3562713424,4294967295,3,Position,368056988,-1214314230,16809,1773515262,LOC_INTERNAL,1773515262,141,61,11072000,13,32,,,,,,,,,,,,,,,,,,,,,,,,,,,,,
2026-03-14T19:08:13.866Z,2317748040,3562713424,4294967295,3,Position,368037933,-1214252151,16894,1773515293,LOC_INTERNAL,1773515293,141,76,10523000,13,32,,,,,,,,,,,,,,,,,,,,,,,,,,,,,
2026-03-14T19:08:45.742Z,267737929,3562713424,4294967295,3,Position,368020463,-1214189265,16977,1773515325,LOC_INTERNAL,1773515325,141,65,11532000,13,32,,,,,,,,,,,,,,,,,,,,,,,,,,,,,
2026-03-14T19:09:47.919Z,1654637387,3562713424,4294967295,3,Position,367993091,-1214070238,17138,1773515387,LOC_INTERNAL,1773515387,141,75,11644000,13,32,,,,,,,,,,,,,,,,,,,,,,,,,,,,,
2026-03-14T19:10:19.780Z,1904285516,3562713424,4294967295,3,Position,367977405,-1214005518,17217,1773515418,LOC_INTERNAL,1773515418,141,68,9819000,12,32,,,,,,,,,,,,,,,,,,,,,,,,,,,,,
2026-03-14T19:10:49.876Z,2597514061,3562713424,4294967295,3,Position,367963753,-1213944646,17301,1773515449,LOC_INTERNAL,1773515449,141,64,10142000,12,32,,,,,,,,,,,,,,,,,,,,,,,,,,,,,
2026-03-14T19:11:21.087Z,252659534,3562713424,4294967295,3,Position,367949118,-1213882993,17384,1773515480,LOC_INTERNAL,1773515480,84,76,10796000,19,32,,,,,,,,,,,,,,,,,,,,,,,,,,,,,
2026-03-14T19:11:51.919Z,3301967695,3562713424,4294967295,3,Position,367935243,-1213821840,17475,1773515511,LOC_INTERNAL,1773515511,84,63,10798000,19,32,,,,,,,,,,,,,,,,,,,,,,,,,,,,,
2026-03-14T19:12:28.901Z,1026499408,3562713424,4294967295,3,Position,367918635,-1213758430,17567,1773515542,LOC_INTERNAL,1773515542,84,60,11798000,19,32,,,,,,,,,,,,,,,,,,,,,,,,,,,,,
2026-03-14T19:12:53.875Z,4164514641,3562713424,4294967295,3,Position,367896130,-1213697861,17658,1773515573,LOC_INTERNAL,1773515573,84,76,11601000,19,32,,,,,,,,,,,,,,,,,,,,,,,,,,,,,
2026-03-14T19:13:25.225Z,3129279314,3562713424,4294967295,3,Position,367866408,-1213641018,17743,1773515604,LOC_INTERNAL,1773515604,84,77,13042000,19,32,,,,,,,,,,,,,,,,,,,,,,,,,,,,,
2026-03-14T19:13:56.904Z,65284947,3562713424,4294967295,3,Position,367831268,-1213592703,17857,1773515635,LOC_INTERNAL,1773515635,84,54,13903000,19,32,,,,,,,,,,,,,,,,,,,,,,,,,,,,,
2026-03-14T19:14:27.771Z,167229268,3562713424,4294967295,3,Position,367802390,-1213554903,17937,1773515667,LOC_INTERNAL,1773515667,84,45,12962000,19,32,,,,,,,,,,,,,,,,,,,,,,,,,,,,,
2026-03-14T19:14:59.177Z,800990037,3562713424,4294967295,3,Position,367775453,-1213521455,18025,1773515698,LOC_INTERNAL,1773515698,84,56,12414000,19,32,,,,,,,,,,,,,,,,,,,,,,,,,,,,,
2026-03-14T19:15:30.453Z,1662626646,3562713424,4294967295,3,Position,367755075,-1213487113,18108,1773515729,LOC_INTERNAL,1773515729,84,56,12542000,19,32,,,,,,,,,,,,,,,,,,,,,,,,,,,,,
2026-03-14T19:16:00.873Z,2413511511,3562713424,4294967295,3,Position,367738378,-1213445676,18199,1773515760,LOC_INTERNAL,1773515760,84,50,11025000,19,32,,,,,,,,,,,,,,,,,,,,,,,,,,,,,
2026-03-14T19:16:32.767Z,3157004120,3562713424,4294967295,3,Position,367722206,-1213401980,18295,1773515791,LOC_INTERNAL,1773515791,84,62,12398000,19,32,,,,,,,,,,,,,,,,,,,,,,,,,,,,,
2026-03-14T19:17:03.921Z,2454952793,3562713424,4294967295,3,Position,367707555,-1213351568,18419,1773515822,LOC_INTERNAL,1773515822,84,73,10590000,19,32,,,,,,,,,,,,,,,,,,,,,,,,,,,,,
2026-03-14T19:17:33.751Z,3504303962,3562713424,4294967295,3,Position,367691430,-1213300318,18505,1773515853,LOC_INTERNAL,1773515853,84,59,10989000,19,32,,,,,,,,,,,,,,,,,,,,,,,,,,,,,
2026-03-14T19:18:04.888Z,359932763,3562713424,4294967295,3,Position,367677860,-1213257683,18602,1773515884,LOC_INTERNAL,1773515884,84,48,12528000,20,32,,,,,,,,,,,,,,,,,,,,,,,,,,,,,
2026-03-14T19:18:36.186Z,509901660,3562713424,4294967295,3,Position,367661943,-1213208381,18687,1773515915,LOC_INTERNAL,1773515915,84,65,11675000,20,32,,,,,,,,,,,,,,,,,,,,,,,,,,,,,
2026-03-14T19:19:06.814Z,1785294685,3562713424,4294967295,3,Position,367636040,-1213155971,18768,1773515946,LOC_INTERNAL,1773515946,84,64,13324000,20,32,,,,,,,,,,,,,,,,,,,,,,,,,,,,,
2026-03-14T19:19:38.579Z,2659508062,3562713424,4294967295,3,Position,367601326,-1213110873,18847,1773515977,LOC_INTERNAL,1773515977,84,65,13161000,20,32,,,,,,,,,,,,,,,,,,,,,,,,,,,,,
2026-03-14T19:20:09.403Z,2918101855,3562713424,4294967295,3,Position,367565731,-1213074345,18914,1773516008,LOC_INTERNAL,1773516008,84,43,13992000,20,32,,,,,,,,,,,,,,,,,,,,,,,,,,,,,
2026-03-14T19:20:40.484Z,2294078304,3562713424,4294967295,3,Position,367532280,-1213045728,18991,1773516039,LOC_INTERNAL,1773516038,84,72,15736000,20,32,,,,,,,,,,,,,,,,,,,,,,,,,,,,,
2026-03-14T19:21:10.900Z,2412836705,3562713424,4294967295,3,Position,367496068,-1213022495,19071,1773516070,LOC_INTERNAL,1773516070,84,56,15853000,20,32,,,,,,,,,,,,,,,,,,,,,,,,,,,,,
2026-03-14T19:21:42.939Z,1917567842,3562713424,4294967295,3,Position,367464768,-1213006440,19157,1773516101,LOC_INTERNAL,1773516101,84,47,15087000,20,32,,,,,,,,,,,,,,,,,,,,,,,,,,,,,
2026-03-14T19:22:12.834Z,3076385635,3562713424,4294967295,3,Position,367439526,-1212992351,19258,1773516132,LOC_INTERNAL,1773516132,84,26,14847000,20,32,,,,,,,,,,,,,,,,,,,,,,,,,,,,,
2026-03-14T19:22:45.574Z,2508709732,3562713424,4294967295,3,Position,367417111,-1212980640,19355,1773516163,LOC_INTERNAL,1773516163,84,31,15829000,21,32,,,,,,,,,,,,,,,,,,,,,,,,,,,,,
2026-03-14T19:23:15.928Z,486279013,3562713424,4294967295,3,Position,367399985,-1212969425,19450,1773516194,LOC_INTERNAL,1773516194,70,31,14076000,22,32,,,,,,,,,,,,,,,,,,,,,,,,,,,,,
2026-03-14T19:24:16.844Z,3118165863,3562713424,4294967295,3,Position,367376776,-1212936240,19638,1773516256,LOC_INTERNAL,1773516256,70,37,9417000,22,32,,,,,,,,,,,,,,,,,,,,,,,,,,,,,
2026-03-14T19:24:48.645Z,1668403048,3562713424,4294967295,3,Position,367365531,-1212909806,19716,1773516287,LOC_INTERNAL,1773516287,70,35,10220000,22,32,,,,,,,,,,,,,,,,,,,,,,,,,,,,,
2026-03-14T19:25:20.885Z,3375596393,3562713424,4294967295,3,Position,367351016,-1212881428,19810,1773516318,LOC_INTERNAL,1773516318,70,33,11485000,22,32,,,,,,,,,,,,,,,,,,,,,,,,,,,,,
2026-03-14T19:25:50.075Z,1659457386,3562713424,4294967295,3,Position,367334373,-1212853953,19888,1773516349,LOC_INTERNAL,1773516349,70,46,13155000,22,32,,,,,,,,,,,,,,,,,,,,,,,,,,,,,
2026-03-14T19:26:21.048Z,2759965547,3562713424,4294967295,3,Position,367315821,-1212821678,19983,1773516380,LOC_INTERNAL,1773516380,70,30,12724000,22,32,,,,,,,,,,,,,,,,,,,,,,,,,,,,,
2026-03-14T19:26:54.720Z,3203897196,3562713424,4294967295,3,Position,367294358,-1212788086,20097,1773516411,LOC_INTERNAL,1773516411,70,51,13798000,22,32,,,,,,,,,,,,,,,,,,,,,,,,,,,,,
2026-03-14T19:27:23.525Z,1677801325,3562713424,4294967295,3,Position,367271030,-1212755820,20209,1773516442,LOC_INTERNAL,1773516442,70,61,13600000,21,32,,,,,,,,,,,,,,,,,,,,,,,,,,,,,
2026-03-14T19:27:55.715Z,1572662126,3562713424,4294967295,3,Position,367245270,-1212725965,20321,1773516473,LOC_INTERNAL,1773516473,70,49,13061000,22,32,,,,,,,,,,,,,,,,,,,,,,,,,,,,,
2026-03-14T19:28:25.623Z,251148143,3562713424,4294967295,3,Position,367216556,-1212700016,20420,1773516504,LOC_INTERNAL,1773516504,70,50,14542000,22,32,,,,,,,,,,,,,,,,,,,,,,,,,,,,,
2026-03-14T19:29:21.888Z,4011747710,694592213,3562713424,70,Traceroute,,,,,,,,,,,,,,,,,,,,,,,,,,,,,,,,,,,,,,,,
2026-03-14T19:29:28.413Z,3768478577,3562713424,4294967295,3,Position,367169288,-1212668930,20608,1773516566,LOC_INTERNAL,1773516566,70,21,14448000,24,32,,,,,,,,,,,,,,,,,,,,,,,,,,,,,
2026-03-14T19:29:33.015Z,4011747711,694592213,3562713424,0,Unknown,,,,,,,,,,,,,,,,,,,,,,,,,,,,,,,,,,,,,,,,
2026-03-14T19:29:43.946Z,123603826,3562713424,694592213,70,Traceroute,,,,,,,,,,,,,,,,,,,1464186616,-38,1732836668,2952977485,-9,39,-43,,,,,,,,,,,,,,,
2026-03-14T19:29:59.273Z,3860194164,3562713424,4294967295,3,Position,367158720,-1212656303,20694,1773516597,LOC_INTERNAL,1773516597,70,13,12898000,24,32,,,,,,,,,,,,,,,,,,,,,,,,,,,,,
2026-03-14T19:30:29.726Z,500212597,3562713424,4294967295,3,Position,367153036,-1212642071,20774,1773516628,LOC_INTERNAL,1773516628,70,14,9252000,24,32,,,,,,,,,,,,,,,,,,,,,,,,,,,,,
2026-03-14T19:31:00.850Z,3218924406,3562713424,4294967295,3,Position,367144588,-1212624255,20849,1773516659,LOC_INTERNAL,1773516659,70,18,7958000,24,32,,,,,,,,,,,,,,,,,,,,,,,,,,,,,
2026-03-14T19:31:31.803Z,20216695,3562713424,4294967295,3,Position,367127338,-1212602780,20936,1773516690,LOC_INTERNAL,1773516690,70,45,14595000,22,32,,,,,,,,,,,,,,,,,,,,,,,,,,,,,
2026-03-14T19:32:02.345Z,1157644152,3562713424,4294967295,3,Position,367102826,-1212577280,21020,1773516721,LOC_INTERNAL,1773516721,70,38,13423000,23,32,,,,,,,,,,,,,,,,,,,,,,,,,,,,,
2026-03-14T19:32:33.194Z,4190238585,3562713424,4294967295,3,Position,367077618,-1212548020,21111,1773516752,LOC_INTERNAL,1773516752,70,47,13825000,23,32,,,,,,,,,,,,,,,,,,,,,,,,,,,,,
2026-03-14T19:33:35.348Z,1733059451,3562713424,4294967295,3,Position,367021586,-1212492641,21296,1773516814,LOC_INTERNAL,1773516814,70,61,15411000,23,32,,,,,,,,,,,,,,,,,,,,,,,,,,,,,
2026-03-14T19:34:06.380Z,1627274108,3562713424,4294967295,3,Position,366990933,-1212471328,21382,1773516845,LOC_INTERNAL,1773516845,70,48,16410000,23,32,,,,,,,,,,,,,,,,,,,,,,,,,,,,,
2026-03-14T19:34:39.758Z,2829837181,3562713424,4294967295,3,Position,366962981,-1212455450,21474,1773516876,LOC_INTERNAL,1773516876,70,32,15530000,23,32,,,,,,,,,,,,,,,,,,,,,,,,,,,,,
2026-03-14T19:35:08.788Z,114502526,3562713424,4294967295,3,Position,366942896,-1212438806,21563,1773516907,LOC_INTERNAL,1773516907,70,36,15160000,23,32,,,,,,,,,,,,,,,,,,,,,,,,,,,,,
2026-03-14T19:35:40.341Z,618760063,3562713424,4294967295,3,Position,366927936,-1212417081,21656,1773516938,LOC_INTERNAL,1773516938,70,33,10735000,23,32,,,,,,,,,,,,,,,,,,,,,,,,,,,,,
2026-03-14T19:36:10.187Z,565111680,3562713424,4294967295,3,Position,366906138,-1212394386,21744,1773516969,LOC_INTERNAL,1773516969,70,36,16516000,23,32,,,,,,,,,,,,,,,,,,,,,,,,,,,,,
2026-03-14T19:36:41.098Z,696753025,3562713424,4294967295,3,Position,366876176,-1212377588,21836,1773517000,LOC_INTERNAL,1773517000,70,52,15538000,23,32,,,,,,,,,,,,,,,,,,,,,,,,,,,,,
2026-03-14T19:37:11.835Z,2755314562,3562713424,4294967295,3,Position,366843283,-1212360848,21925,1773517031,LOC_INTERNAL,1773517031,70,49,14047000,23,32,,,,,,,,,,,,,,,,,,,,,,,,,,,,,
2026-03-14T19:37:38.957Z,4292933653,4041692230,3562713424,70,Traceroute,,,,,,,,,,,,,,,,,,,,,,,,,,,,,,,,,,,,,,,,
2026-03-14T19:38:15.766Z,2532138884,3562713424,4294967295,3,Position,366776676,-1212339536,22117,1773517094,LOC_INTERNAL,1773517094,70,40,17422000,23,32,,,,,,,,,,,,,,,,,,,,,,,,,,,,,
2026-03-14T19:38:46.336Z,1946985349,3562713424,4294967295,3,Position,366752223,-1212336510,22214,1773517125,LOC_INTERNAL,1773517125,70,31,17740000,23,32,,,,,,,,,,,,,,,,,,,,,,,,,,,,,
2026-03-14T19:39:16.090Z,2276684262,2537146166,3562713424,3,Position,369681981,-1219807364,20,1773517148,,,,,,,,,,,,,,,,,,,,,,,,,,,,,,,,,,,,
2026-03-14T19:39:17.506Z,822212486,3562713424,4294967295,3,Position,366735600,-1212335393,22295,1773517156,LOC_INTERNAL,1773517156,70,24,17689000,23,32,,,,,,,,,,,,,,,,,,,,,,,,,,,,,
2026-03-14T19:40:18.789Z,717502344,3562713424,4294967295,3,Position,366710591,-1212332201,22478,1773517218,LOC_INTERNAL,1773517218,70,17,18025000,23,32,,,,,,,,,,,,,,,,,,,,,,,,,,,,,
2026-03-14T19:40:49.795Z,3825324937,3562713424,4294967295,3,Position,366694828,-1212321745,22575,1773517249,LOC_INTERNAL,1773517249,70,31,12847000,23,32,,,,,,,,,,,,,,,,,,,,,,,,,,,,,
2026-03-14T19:41:21.702Z,1333915530,3562713424,4294967295,3,Position,366681176,-1212304173,22673,1773517280,LOC_INTERNAL,1773517280,70,33,11422000,24,32,,,,,,,,,,,,,,,,,,,,,,,,,,,,,
2026-03-14T19:41:53.041Z,2917944203,3562713424,4294967295,3,Position,366663128,-1212284111,22764,1773517311,LOC_INTERNAL,1773517311,70,25,16912000,25,32,,,,,,,,,,,,,,,,,,,,,,,,,,,,,
2026-03-14T19:42:12.297Z,3318438565,1737044944,3562713424,70,Traceroute,,,,,,,,,,,,,,,,,,,,,,,,,,,,,,,,,,,,,,,,
2026-03-14T19:42:16.300Z,99673996,3562713424,1737044944,70,Traceroute,,,,,,,,,,,,,,,,,,,2996807788,2,,,-37,,,,,,,705436868,-50,,,,,,,,,
2026-03-14T19:42:24.526Z,3727165326,3562713424,4294967295,3,Position,366636985,-1212271463,22857,1773517342,LOC_INTERNAL,1773517342,70,30,16557000,25,32,,,,,,,,,,,,,,,,,,,,,,,,,,,,,
2026-03-14T19:42:55.400Z,1402618767,3562713424,4294967295,3,Position,366608436,-1212265546,22956,1773517373,LOC_INTERNAL,1773517373,70,36,16476000,25,32,,,,,,,,,,,,,,,,,,,,,,,,,,,,,
2026-03-14T19:43:01.634Z,3318438566,1737044944,3562713424,70,Traceroute,,,,,,,,,,,,,,,,,,,,,,,,,,,,,,,,,,,,,,,,
2026-03-14T19:43:04.439Z,3271922576,3562713424,1737044944,70,Traceroute,,,,,,,,,,,,,,,,,,,3068851550,30,2996807788,1732836668,-51,6,-40,,,,,,,,,,,,,,,
2026-03-14T19:43:24.015Z,776303506,3562713424,4294967295,3,Position,366584450,-1212255546,23056,1773517403,LOC_INTERNAL,1773517403,70,40,16295000,25,32,,,,,,,,,,,,,,,,,,,,,,,,,,,,,
2026-03-14T19:43:42.538Z,3318438567,1737044944,3562713424,70,Traceroute,,,,,,,,,,,,,,,,,,,,,,,,,,,,,,,,,,,,,,,,
2026-03-14T19:43:43.193Z,1247122323,3562713424,1737044944,70,Traceroute,,,,,,,,,,,,,,,,,,,,-56,,,,,,,,,,,,,,,,,,,,
2026-03-14T19:44:02.203Z,2275918741,3562713424,4294967295,3,Position,366559961,-1212248483,23158,1773517434,LOC_INTERNAL,1773517434,70,32,16598000,26,32,,,,,,,,,,,,,,,,,,,,,,,,,,,,,
2026-03-14T19:44:26.751Z,3627726742,3562713424,4294967295,3,Position,366535020,-1212243540,23253,1773517465,LOC_INTERNAL,1773517465,70,27,17725000,26,32,,,,,,,,,,,,,,,,,,,,,,,,,,,,,
2026-03-14T19:44:39.951Z,3318438568,1737044944,3562713424,70,Traceroute,,,,,,,,,,,,,,,,,,,,,,,,,,,,,,,,,,,,,,,,
2026-03-14T19:44:47.322Z,1528442775,3562713424,1737044944,70,Traceroute,,,,,,,,,,,,,,,,,,,,-49,,,,,,,,,,2852666565,-53,,,,,,,,,
2026-03-14T19:44:57.457Z,2765225883,3562713424,4294967295,3,Position,366511071,-1212241618,23340,1773517496,LOC_INTERNAL,1773517496,70,26,19240000,26,32,,,,,,,,,,,,,,,,,,,,,,,,,,,,,
2026-03-14T19:45:27.905Z,341639068,3562713424,4294967295,3,Position,366492761,-1212244478,23421,1773517527,LOC_INTERNAL,1773517527,70,25,19316000,25,32,,,,,,,,,,,,,,,,,,,,,,,,,,,,,
2026-03-14T19:46:00.108Z,3230997405,3562713424,4294967295,3,Position,366480180,-1212249565,23510,1773517559,LOC_INTERNAL,1773517559,70,6,15945000,26,32,,,,,,,,,,,,,,,,,,,,,,,,,,,,,
2026-03-14T19:46:30.904Z,817088414,3562713424,4294967295,3,Position,366469411,-1212252925,23602,1773517590,LOC_INTERNAL,1773517590,70,22,21973000,26,32,,,,,,,,,,,,,,,,,,,,,,,,,,,,,
2026-03-14T19:47:02.495Z,3180838815,3562713424,4294967295,3,Position,366463258,-1212261843,23702,1773517621,LOC_INTERNAL,1773517621,70,16,24829000,25,32,,,,,,,,,,,,,,,,,,,,,,,,,,,,,
2026-03-14T19:47:33.741Z,4142270368,3562713424,4294967295,3,Position,366455248,-1212268736,23801,1773517652,LOC_INTERNAL,1773517652,70,12,20703000,25,32,,,,,,,,,,,,,,,,,,,,,,,,,,,,,
2026-03-14T19:48:04.534Z,1080288161,3562713424,4294967295,3,Position,366441428,-1212272018,23900,1773517683,LOC_INTERNAL,1773517683,70,22,17767000,25,32,,,,,,,,,,,,,,,,,,,,,,,,,,,,,
2026-03-14T19:48:35.654Z,2139834274,3562713424,4294967295,3,Position,366423493,-1212277498,23997,1773517714,LOC_INTERNAL,1773517714,70,28,17594000,25,32,,,,,,,,,,,,,,,,,,,,,,,,,,,,,
2026-03-14T19:49:06.659Z,4091497379,3562713424,4294967295,3,Position,366402633,-1212283245,24086,1773517745,LOC_INTERNAL,1773517745,70,29,18937000,26,32,,,,,,,,,,,,,,,,,,,,,,,,,,,,,
2026-03-14T19:49:36.892Z,3878186916,3562713424,4294967295,3,Position,366385416,-1212294986,24065,1773517776,LOC_INTERNAL,1773517776,70,29,21590000,26,32,,,,,,,,,,,,,,,,,,,,,,,,,,,,,
2026-03-14T19:50:08.189Z,3761309605,3562713424,4294967295,3,Position,366370633,-1212299413,23235,1773517807,LOC_INTERNAL,1773517807,70,31,18163000,26,32,,,,,,,,,,,,,,,,,,,,,,,,,,,,,
2026-03-14T19:50:40.782Z,3619566502,3562713424,4294967295,3,Position,366347316,-1212291078,22506,1773517838,LOC_INTERNAL,1773517838,70,27,14139000,26,32,,,,,,,,,,,,,,,,,,,,,,,,,,,,,
2026-03-14T19:51:10.095Z,2672014247,3562713424,4294967295,3,Position,366324380,-1212285840,21935,1773517869,LOC_INTERNAL,1773517869,70,50,16297000,26,32,,,,,,,,,,,,,,,,,,,,,,,,,,,,,
2026-03-14T19:52:12.214Z,376679337,3562713424,4294967295,3,Position,366278186,-1212238600,20587,1773517931,LOC_INTERNAL,1773517931,70,28,13755000,26,32,,,,,,,,,,,,,,,,,,,,,,,,,,,,,
2026-03-14T19:53:14.075Z,1016461227,3562713424,4294967295,3,Position,366245640,-1212189865,19269,1773517993,LOC_INTERNAL,1773517993,70,26,15602000,22,32,,,,,,,,,,,,,,,,,,,,,,,,,,,,,
2026-03-14T19:53:44.984Z,2861000620,3562713424,4294967295,3,Position,366212395,-1212170528,18639,1773518024,LOC_INTERNAL,1773518024,70,59,14265000,22,32,,,,,,,,,,,,,,,,,,,,,,,,,,,,,
2026-03-14T19:53:46.161Z,3318438569,1737044944,3562713424,70,Traceroute,,,,,,,,,,,,,,,,,,,,,,,,,,,,,,,,,,,,,,,,
2026-03-14T19:53:57.087Z,1502663597,3562713424,1737044944,70,Traceroute,,,,,,,,,,,,,,,,,,,1732836668,-48,279961614,144583722,36,-56,32,1179853932,272049934,-11,-30,,,,,3538235450,2687837892,846610502,-29,0,,
2026-03-14T19:54:47.761Z,2271894448,3562713424,4294967295,3,Position,366166166,-1212068463,17396,1773518086,LOC_INTERNAL,1773518086,84,67,10332000,20,32,,,,,,,,,,,,,,,,,,,,,,,,,,,,,
2026-03-14T19:55:02.579Z,3318438570,1737044944,3562713424,70,Traceroute,,,,,,,,,,,,,,,,,,,,,,,,,,,,,,,,,,,,,,,,
2026-03-14T19:55:12.220Z,1051243441,3562713424,1737044944,70,Traceroute,,,,,,,,,,,,,,,,,,,1472796892,8,1464186616,1732836668,5,-28,30,1129808856,2718571180,0,-43,,,,,,,,,,,
2026-03-14T19:55:27.053Z,580645810,3562713424,4294967295,3,Position,366152166,-1212005086,17012,1773518117,LOC_INTERNAL,1773518117,84,66,10939000,20,32,,,,,,,,,,,,,,,,,,,,,,,,,,,,,
2026-03-14T19:56:03.502Z,3318438571,1737044944,3562713424,70,Traceroute,,,,,,,,,,,,,,,,,,,,,,,,,,,,,,,,,,,,,,,,
2026-03-14T19:56:16.157Z,1358092213,3562713424,1737044944,70,Traceroute,,,,,,,,,,,,,,,,,,,,-62,,,,,,,,,,2996807672,-22,,,,,,,,,
2026-03-14T19:56:20.956Z,4259488695,3562713424,4294967295,3,Position,366105920,-1211851616,16146,1773518179,LOC_INTERNAL,1773518179,84,95,9676000,20,32,,,,,,,,,,,,,,,,,,,,,,,,,,,,,
2026-03-14T19:56:49.424Z,3318438572,1737044944,3562713424,70,Traceroute,,,,,,,,,,,,,,,,,,,,,,,,,,,,,,,,,,,,,,,,
2026-03-14T19:56:51.528Z,956415928,3562713424,4294967295,3,Position,366090680,-1211772555,15554,1773518210,LOC_INTERNAL,1773518210,112,93,11678000,13,32,,,,,,,,,,,,,,,,,,,,,,,,,,,,,
2026-03-14T19:56:55.716Z,3915544505,3562713424,1737044944,70,Traceroute,,,,,,,,,,,,,,,,,,,2996807788,6,4246148554,2733330992,-9,-29,-21,,,,,,,,,,,,,,,
2026-03-14T19:58:23.895Z,2567548861,3562713424,4294967295,3,Position,366024591,-1211483520,13925,1773518303,LOC_INTERNAL,1773518303,112,114,11038000,15,32,,,,,,,,,,,,,,,,,,,,,,,,,,,,,
2026-03-14T19:58:33.129Z,3318438573,1737044944,3562713424,70,Traceroute,,,,,,,,,,,,,,,,,,,,,,,,,,,,,,,,,,,,,,,,
2026-03-14T19:58:55.626Z,2905086910,3562713424,4294967295,3,Position,366000845,-1211393835,13353,1773518334,LOC_INTERNAL,1773518334,112,78,10896000,15,32,,,,,,,,,,,,,,,,,,,,,,,,,,,,,
2026-03-14T19:59:27.249Z,611069887,3562713424,4294967295,3,Position,365982676,-1211334115,12767,1773518365,LOC_INTERNAL,1773518365,112,77,12283000,13,32,,,,,,,,,,,,,,,,,,,,,,,,,,,,,
