,from,to,channel,portnum,id,rx_time,rx_snr,rx_rssi,hop_start,latitude_i,longitude_i,time,location_source,altitude_hae,PDOP,ground_speed,ground_track,sats_in_view,precision_bits,want_response,hop_limit,long_name,short_name,macaddr,hw_model,request_id,public_key,role,priority,want_ack,route,snr_towards,is_licensed,battery_level,voltage,channel_utilization,air_util_tx,uptime_seconds,temperature,relative_humidity,barometric_pressure,altitude,error_reason
0,3190751833,474579996,8,POSITION_APP,1960194706,2025-01-19 17:46:40,-10.0,-98.0,3,37.7389056,-122.4245248,2025-01-19 17:48:48,LOC_INTERNAL,,267,1.0,0.0,7.0,16,,1,,,,,3041742618,,,,,,,,,,,,,,,,33.0,
1,474581420,474579996,8,POSITION_APP,12178595,2025-01-19 19:03:28,11.5,-49.0,2,37.7624786,-122.4184703,2025-01-19 19:03:28,LOC_INTERNAL,,423,1.0,16775000.0,3.0,32,,2,,,,,785230938,,,,,,,,,,,,,,,,54.0,
2,1127917784,474579996,8,POSITION_APP,3280329922,2025-01-19 19:03:28,10.75,-73.0,2,37.7749504,-122.3950336,2025-01-19 19:03:28,LOC_MANUAL,,,0.0,0.0,,13,,2,,,,,785230938,,,,,,,,,,,,,,,,24.0,
3,474579996,4294967295,8,TELEMETRY_APP,1469315163,2025-01-19 19:03:28,,,3,,,2025-01-19 19:03:28,,,,,,,,,3,,,,,,,,BACKGROUND,,,,,,,,,,14.2,54.271484,1025.5157,,
4,474579996,4294967295,8,POSITION_APP,785230938,2025-01-19 19:03:28,,,3,37.7622413,-122.4171481,2025-01-19 19:03:28,LOC_INTERNAL,-14.0,406,8.0,10088000.0,4.0,32,true,3,,,,,,,,BACKGROUND,,,,,,,,,,,,,,
5,474579996,4294967295,8,POSITION_APP,2833544812,2025-01-19 19:03:28,,,3,37.7623656,-122.418201,2025-01-19 19:03:28,LOC_INTERNAL,1.0,406,1.0,9711000.0,4.0,32,true,3,,,,,,,,BACKGROUND,,,,,,,,,,,,,,
6,474581420,474579996,8,POSITION_APP,4102878368,2025-01-19 19:03:28,13.25,-49.0,2,37.7624555,-122.4185702,2025-01-19 19:03:28,LOC_EXTERNAL,,,0.0,249.0,,32,,2,,,,,2833544812,,,,,,,,,,,,,,,,14.0,
7,474579996,4294967295,8,TELEMETRY_APP,1744907885,2025-01-19 19:03:28,,,3,,,2025-01-19 19:03:28,,,,,,,,,3,,,,,,,,BACKGROUND,,,,,,,,,,14.13,54.683594,1025.5184,,
8,1226146290,474579996,8,POSITION_APP,1065276703,2025-01-19 19:03:28,,,2,38.0502016,-122.1459968,2025-01-19 19:03:28,LOC_EXTERNAL,,,,,12.0,14,,2,,,,,2833544812,,,RELIABLE,,,,,,,,,,,,,41.0,
9,1127917784,474579996,8,POSITION_APP,852954303,2025-01-19 19:03:28,10.75,-64.0,2,37.7749504,-122.3950336,2025-01-19 19:03:28,LOC_MANUAL,,,0.0,0.0,,13,,2,,,,,2833544812,,,,,,,,,,,,,,,,24.0,
10,474579996,4294967295,8,POSITION_APP,1384373375,2025-01-19 19:26:56,,,3,37.7624016,-122.418507,2025-01-19 19:26:56,LOC_INTERNAL,-30.0,413,2.0,29939000.0,4.0,32,,3,,,,,,,,BACKGROUND,,,,,,,,,,,,,,
11,474579996,4294967295,8,POSITION_APP,65111173,2025-01-19 19:29:04,,,3,37.7624528,-122.4186125,2025-01-19 19:29:04,LOC_INTERNAL,-20.0,414,1.0,29939000.0,4.0,32,,3,,,,,,,,BACKGROUND,,,,,,,,,,,,,,
12,474579996,4294967295,8,POSITION_APP,3982531718,2025-01-19 19:29:04,,,3,37.7624805,-122.4184608,2025-01-19 19:29:04,LOC_INTERNAL,0.0,414,10.0,8391000.0,4.0,32,,3,,,,,,,,BACKGROUND,,,,,,,,,,,,,,
13,474579996,4294967295,8,POSITION_APP,4021278857,2025-01-19 19:33:20,,,3,37.7622891,-122.4183426,2025-01-19 19:33:20,LOC_INTERNAL,12.0,417,2.0,8391000.0,4.0,32,,3,,,,,,,,BACKGROUND,,,,,,,,,,,,,,
14,474579996,4294967295,8,POSITION_APP,1315479694,2025-01-19 19:35:28,,,3,37.7624011,-122.4184611,2025-01-19 19:35:28,LOC_INTERNAL,-2.0,418,6.0,5538000.0,4.0,32,,3,,,,,,,,BACKGROUND,,,,,,,,,,,,,,
15,1127917784,474579996,8,POSITION_APP,3503530208,2025-01-19 19:37:36,10.75,-58.0,2,37.7749504,-122.3950336,2025-01-19 19:37:36,LOC_MANUAL,,,0.0,0.0,,13,,1,,,,,1872496196,,,,,,,,,,,,,,,,24.0,
16,474579996,4294967295,8,POSITION_APP,3248845383,2025-01-19 19:37:36,,,3,37.7624666,-122.4185827,2025-01-19 19:37:36,LOC_EXTERNAL,-18.0,,0.0,0.0,,32,,3,,,,,,,,BACKGROUND,,,,,,,,,,,,,,
17,474579996,4294967295,8,TELEMETRY_APP,1661959746,2025-01-19 19:37:36,,,3,,,2025-01-19 19:37:36,,,,,,,,,3,,,,,,,,BACKGROUND,,,,,101.0,-0.001,15.726666,0.06616667,46,,,,,
18,474579996,4294967295,8,TELEMETRY_APP,301480510,2025-01-19 19:37:36,,,3,,,2025-01-19 19:37:36,,,,,,,,,3,,,,,,,,BACKGROUND,,,,,,,,,,15.44,49.748047,1025.071,,
19,474579996,4294967295,8,POSITION_APP,1872496196,2025-01-19 19:37:36,,,3,37.7624743,-122.4184351,2025-01-19 19:37:36,LOC_INTERNAL,-9.0,359,0.0,0.0,6.0,32,true,3,,,,,,,,BACKGROUND,,,,,,,,,,,,,,
20,1226146290,474579996,8,POSITION_APP,3100532055,2025-01-19 19:37:36,,,2,38.0502016,-122.1459968,2025-01-19 19:37:36,LOC_EXTERNAL,,,,,12.0,14,,2,,,,,1872496196,,,RELIABLE,,,,,,,,,,,,,46.0,
21,474579996,4294967295,8,POSITION_APP,476441163,2025-01-19 19:39:44,,,3,37.7625078,-122.4182615,2025-01-19 19:39:44,LOC_INTERNAL,0.0,366,2.0,6096000.0,6.0,32,,3,,,,,,,,BACKGROUND,,,,,,,,,,,,,,
22,474579996,4294967295,8,POSITION_APP,4266678862,2025-01-19 19:41:52,,,3,37.7624517,-122.41856,2025-01-19 19:41:52,LOC_EXTERNAL,-18.0,,0.0,0.0,,32,,3,,,,,,,,BACKGROUND,,,,,,,,,,,,,,
23,474579996,4294967295,8,POSITION_APP,625324629,2025-01-19 19:44:00,,,3,37.7626558,-122.4183555,2025-01-19 19:44:00,LOC_INTERNAL,13.0,375,1.0,2701000.0,6.0,32,,3,,,,,,,,BACKGROUND,,,,,,,,,,,,,,
24,474579996,4294967295,8,POSITION_APP,587079254,2025-01-19 19:44:00,,,3,37.7624687,-122.4185669,2025-01-19 19:44:00,LOC_EXTERNAL,-18.0,,0.0,0.0,,32,,3,,,,,,,,BACKGROUND,,,,,,,,,,,,,,
25,474579996,4294967295,8,POSITION_APP,4291864231,2025-01-19 19:56:48,,,3,37.7623378,-122.4185741,2025-01-19 19:56:48,LOC_INTERNAL,-19.0,406,0.0,0.0,5.0,32,true,3,,,,,,,,BACKGROUND,,,,,,,,,,,,,,
26,474579996,4294967295,8,TELEMETRY_APP,2573726376,2025-01-19 19:56:48,,,3,,,2025-01-19 19:56:48,,,,,,,,,3,,,,,,,,BACKGROUND,,,,,,,,,,15.86,49.487305,1024.7611,,
27,474581420,474579996,8,POSITION_APP,1967624411,2025-01-19 19:56:48,9.75,-53.0,2,37.7624573,-122.4185404,2025-01-19 19:56:48,LOC_EXTERNAL,,,0.0,0.0,,32,,2,,,,,4291864231,,,,,,,,,,,,,,,,10.0,
28,474579996,4294967295,8,TELEMETRY_APP,2446298799,2025-01-19 19:56:48,,,3,,,2025-01-19 19:56:48,,,,,,,,,3,,,,,,,,BACKGROUND,,,,,101.0,-0.001,24.893333,0.21619445,106,,,,,
29,474579996,4294967295,8,POSITION_APP,2639982263,2025-01-19 19:58:56,,,3,37.7624483,-122.4185427,2025-01-19 19:58:56,LOC_EXTERNAL,-18.0,,0.0,0.0,,32,,3,,,,,,,,BACKGROUND,,,,,,,,,,,,,,
30,474579996,4294967295,8,POSITION_APP,953465522,2025-01-19 19:58:56,,,3,37.7623588,-122.4184968,2025-01-19 19:58:56,LOC_INTERNAL,-23.0,513,9.0,1740000.0,4.0,32,,3,,,,,,,,BACKGROUND,,,,,,,,,,,,,,
31,474579996,4294967295,8,POSITION_APP,2102749872,2025-01-19 19:58:56,,,3,37.7624508,-122.4185558,2025-01-19 19:58:56,LOC_EXTERNAL,-18.0,,0.0,0.0,,32,,3,,,,,,,,BACKGROUND,,,,,,,,,,,,,,
32,474579996,4294967295,8,TELEMETRY_APP,3742991808,2025-01-19 21:43:28,,,3,,,2025-01-19 21:43:28,,,,,,,,,3,,,,,,,,BACKGROUND,,,,,,,,,,13.22,60.472656,1014.1666,,
33,474579996,4294967295,8,TELEMETRY_APP,3980032451,2025-01-19 21:43:28,,,3,,,2025-01-19 21:43:28,,,,,,,,,3,,,,,,,,BACKGROUND,,,,,100.0,4.138,6.746667,0.047694445,46,,,,,
34,474579996,4294967295,8,POSITION_APP,2692167109,2025-01-19 21:45:36,,,3,37.6113659,-122.4846694,2025-01-19 21:45:36,LOC_EXTERNAL,22.0,,0.0,0.0,,32,true,3,,,,,,,,BACKGROUND,,,,,,,,,,,,,,
35,1226146290,474579996,8,POSITION_APP,8506957,2025-01-19 21:45:36,,,2,38.0502016,-122.1459968,2025-01-19 21:45:36,LOC_EXTERNAL,,,,,12.0,14,,2,,,,,2692167109,,,RELIABLE,,,,,,,,,,,,,46.0,
36,474581420,474579996,8,POSITION_APP,1662018366,2025-01-19 21:45:36,9.5,-83.0,2,37.6168525,-122.4822087,2025-01-19 21:45:36,LOC_EXTERNAL,,,0.0,0.0,,32,,2,,,,,2692167109,,,,,,,,,,,,,,,,28.0,
37,474579996,4294967295,8,POSITION_APP,890881478,2025-01-19 21:45:36,,,3,37.6169263,-122.4825456,2025-01-19 21:45:36,LOC_INTERNAL,51.0,136,0.0,0.0,8.0,32,,3,,,,,,,,BACKGROUND,,,,,,,,,,,,,,
38,474579996,4294967295,8,POSITION_APP,1652430285,2025-01-19 21:47:44,,,3,37.6114222,-122.4841749,2025-01-19 21:47:44,LOC_EXTERNAL,10.0,,0.0,0.0,,32,,3,,,,,,,,BACKGROUND,,,,,,,,,,,,,,
39,474579996,4294967295,8,POSITION_APP,398912974,2025-01-19 21:47:44,,,3,37.616887,-122.4824926,2025-01-19 21:47:44,LOC_INTERNAL,43.0,170,1.0,0.0,6.0,32,,3,,,,,,,,BACKGROUND,,,,,,,,,,,,,,
40,474579996,4294967295,8,POSITION_APP,163845595,2025-01-19 21:49:52,,,3,37.6168718,-122.482523,2025-01-19 21:49:52,LOC_INTERNAL,45.0,218,4.0,10251000.0,7.0,32,,3,,,,,,,,BACKGROUND,,,,,,,,,,,,,,
41,474579996,4294967295,8,POSITION_APP,4158939610,2025-01-19 21:49:52,,,3,37.6142648,-122.4849829,2025-01-19 21:49:52,LOC_EXTERNAL,-2.0,,0.0,0.0,,32,,3,,,,,,,,BACKGROUND,,,,,,,,,,,,,,
42,474579996,4294967295,8,POSITION_APP,695598549,2025-01-19 21:49:52,,,3,37.6169918,-122.4826701,2025-01-19 21:49:52,LOC_INTERNAL,34.0,210,4.0,10251000.0,6.0,32,,3,,,,,,,,BACKGROUND,,,,,,,,,,,,,,
43,474579996,4294967295,8,POSITION_APP,2194718169,2025-01-19 21:49:52,,,3,37.6169277,-122.482546,2025-01-19 21:49:52,LOC_EXTERNAL,38.0,,0.0,0.0,,32,,3,,,,,,,,BACKGROUND,,,,,,,,,,,,,,
44,474579996,4294967295,8,POSITION_APP,439972318,2025-01-19 21:52:00,,,3,37.6169588,-122.4825606,2025-01-19 21:52:00,LOC_INTERNAL,35.0,170,2.0,10251000.0,6.0,32,,3,,,,,,,,BACKGROUND,,,,,,,,,,,,,,
45,474579996,4294967295,8,POSITION_APP,3768853990,2025-01-19 21:54:08,,,3,37.6169219,-122.4825418,2025-01-19 21:54:08,LOC_EXTERNAL,-1.0,,0.0,0.0,,32,,3,,,,,,,,BACKGROUND,,,,,,,,,,,,,,
46,474579996,474581420,8,POSITION_APP,3038971367,2025-01-19 21:54:08,,,2,37.6169078,-122.4825628,2025-01-19 21:54:08,LOC_INTERNAL,53.0,163,13.0,12816000.0,7.0,32,,2,,,,,3150179602,,,RELIABLE,,,,,,,,,,,,,,
47,474579996,4294967295,8,POSITION_APP,4004007404,2025-01-19 21:56:16,,,3,37.6168667,-122.4823038,2025-01-19 21:56:16,LOC_EXTERNAL,55.0,,1.0,264.0,,32,,3,,,,,,,,BACKGROUND,,,,,,,,,,,,,,
48,474579996,4294967295,8,POSITION_APP,721949166,2025-01-19 21:56:16,,,3,37.6169191,-122.4824145,2025-01-19 21:56:16,LOC_INTERNAL,52.0,172,4.0,1104000.0,7.0,32,,3,,,,,,,,BACKGROUND,,,,,,,,,,,,,,
49,474579996,4294967295,8,POSITION_APP,3664123376,2025-01-19 21:56:16,,,3,37.6169891,-122.4825036,2025-01-19 21:56:16,LOC_EXTERNAL,45.0,,0.0,0.0,,32,,3,,,,,,,,BACKGROUND,,,,,,,,,,,,,,
50,474579996,4294967295,8,POSITION_APP,3360887282,2025-01-19 21:56:16,,,3,37.6169096,-122.4825883,2025-01-19 21:56:16,LOC_EXTERNAL,62.0,,0.0,0.0,,32,,3,,,,,,,,BACKGROUND,,,,,,,,,,,,,,
51,474579996,4294967295,8,POSITION_APP,2793350631,2025-01-19 21:58:24,,,3,37.6168908,-122.4825956,2025-01-19 21:58:24,LOC_EXTERNAL,10.0,,0.0,0.0,,32,,3,,,,,,,,BACKGROUND,,,,,,,,,,,,,,
52,474579996,4294967295,8,POSITION_APP,1812647396,2025-01-19 21:58:24,,,3,37.6119615,-122.4851213,2025-01-19 21:58:24,LOC_EXTERNAL,62.0,,0.0,0.0,,32,,3,,,,,,,,BACKGROUND,,,,,,,,,,,,,,
53,474579996,4294967295,8,POSITION_APP,4083177958,2025-01-19 21:58:24,,,3,37.6169623,-122.4824908,2025-01-19 21:58:24,LOC_INTERNAL,51.0,382,5.0,8202000.0,3.0,32,,3,,,,,,,,BACKGROUND,,,,,,,,,,,,,,
54,474581420,474579996,8,POSITION_APP,103771420,2025-01-19 21:58:24,11.25,-59.0,2,37.6169024,-122.4822361,2025-01-19 21:58:24,LOC_EXTERNAL,,,0.0,0.0,,32,,2,,,,,934472158,,,,,,,,,,,,,,,,93.0,
55,474579996,4294967295,8,TELEMETRY_APP,2492860896,2025-01-19 21:58:24,,,3,,,2025-01-19 21:58:24,,,,,,,,,3,,,,,,,,BACKGROUND,,,,,,,,,,10.73,63.86328,1012.8639,,
56,474579996,4294967295,8,POSITION_APP,934472158,2025-01-19 21:58:24,,,3,37.6169355,-122.4825925,2025-01-19 21:58:24,LOC_INTERNAL,51.0,136,0.0,0.0,8.0,32,true,3,,,,,,,,BACKGROUND,,,,,,,,,,,,,,
57,474579996,4294967295,8,TELEMETRY_APP,2300373474,2025-01-19 21:58:24,,,3,,,2025-01-19 21:58:24,,,,,,,,,3,,,,,,,,BACKGROUND,,,,,99.0,4.113,19.875,0.12708333,46,,,,,
58,474579996,4294967295,8,POSITION_APP,585131498,2025-01-19 22:00:32,,,3,37.6126868,-122.4838998,2025-01-19 22:00:32,LOC_EXTERNAL,10.0,,0.0,0.0,,32,,3,,,,,,,,BACKGROUND,,,,,,,,,,,,,,
59,474579996,4294967295,8,POSITION_APP,2941871597,2025-01-19 22:00:32,,,3,37.6169428,-122.4825061,2025-01-19 22:00:32,LOC_INTERNAL,24.0,176,0.0,8202000.0,7.0,32,,3,,,,,,,,BACKGROUND,,,,,,,,,,,,,,
60,474579996,4294967295,8,POSITION_APP,2588011620,2025-01-19 22:00:32,,,3,37.6169243,-122.4825753,2025-01-19 22:00:32,LOC_INTERNAL,54.0,136,0.0,0.0,8.0,32,true,3,,,,,,,,BACKGROUND,,,,,,,,,,,,,,
61,474579996,4294967295,8,TELEMETRY_APP,3480852581,2025-01-19 22:00:32,,,3,,,2025-01-19 22:00:32,,,,,,,,,3,,,,,,,,BACKGROUND,,,,,,,,,,11.44,63.79883,1013.87885,,
62,474581420,474579996,8,POSITION_APP,3192498467,2025-01-19 22:00:32,11.25,-60.0,2,37.6168748,-122.4821588,2025-01-19 22:00:32,LOC_INTERNAL,,142,3.0,3264000.0,9.0,32,,2,,,,,2588011620,,,,,,,,,,,,,,,,109.0,
63,474579996,4294967295,8,TELEMETRY_APP,2190691433,2025-01-19 22:00:32,,,3,,,2025-01-19 22:00:32,,,,,,,,,3,,,,,,,,BACKGROUND,,,,,98.0,4.11,13.754999,0.06594444,46,,,,,
64,474579996,4294967295,8,POSITION_APP,2397507691,2025-01-19 22:00:32,,,3,37.6113731,-122.4841573,2025-01-19 22:00:32,LOC_EXTERNAL,10.0,,0.0,0.0,,32,,3,,,,,,,,BACKGROUND,,,,,,,,,,,,,,
65,474579996,4294967295,8,POSITION_APP,696732780,2025-01-19 22:00:32,,,3,37.6169406,-122.4825685,2025-01-19 22:00:32,LOC_EXTERNAL,-1.0,,0.0,0.0,,32,,3,,,,,,,,BACKGROUND,,,,,,,,,,,,,,
66,474581420,474579996,8,POSITION_APP,395939116,2025-01-19 22:02:40,12.25,-54.0,2,37.6168872,-122.4822108,2025-01-19 22:02:40,LOC_EXTERNAL,,,0.0,0.0,,32,,2,,,,,779883378,,,,,,,,,,,,,,,,32.0,
67,474579996,4294967295,8,TELEMETRY_APP,2409165683,2025-01-19 22:02:40,,,3,,,2025-01-19 22:02:40,,,,,,,,,3,,,,,,,,BACKGROUND,,,,,,,,,,10.64,65.234375,1012.86127,,
68,474579996,4294967295,8,POSITION_APP,779883378,2025-01-19 22:02:40,,,3,37.6169415,-122.4825565,2025-01-19 22:02:40,LOC_INTERNAL,55.0,169,0.0,0.0,7.0,32,true,3,,,,,,,,BACKGROUND,,,,,,,,,,,,,,
69,474579996,4294967295,8,POSITION_APP,2425202037,2025-01-19 22:02:40,,,3,37.6168833,-122.4826841,2025-01-19 22:02:40,LOC_INTERNAL,57.0,169,3.0,0.0,7.0,32,,3,,,,,,,,BACKGROUND,,,,,,,,,,,,,,
70,474579996,4294967295,8,POSITION_APP,2824844652,2025-01-19 22:02:40,,,3,37.616933,-122.4825603,2025-01-19 22:02:40,LOC_INTERNAL,54.0,167,0.0,0.0,7.0,32,true,3,,,,,,,,BACKGROUND,,,,,,,,,,,,,,
71,474579996,4294967295,8,TELEMETRY_APP,3898925424,2025-01-19 22:02:40,,,3,,,2025-01-19 22:02:40,,,,,,,,,3,,,,,,,,BACKGROUND,,,,,98.0,4.107,15.96,0.084416665,46,,,,,
72,474581420,474579996,8,POSITION_APP,2745924904,2025-01-19 22:02:40,11.0,-59.0,2,37.6168872,-122.4822108,2025-01-19 22:02:40,LOC_EXTERNAL,,,0.0,0.0,,32,,2,,,,,2824844652,,,,,,,,,,,,,,,,31.0,
73,474579996,4294967295,8,TELEMETRY_APP,2154677614,2025-01-19 22:02:40,,,3,,,2025-01-19 22:02:40,,,,,,,,,3,,,,,,,,BACKGROUND,,,,,,,,,,11.26,64.37988,1013.7739,,
74,474579996,4294967295,8,POSITION_APP,1087496563,2025-01-19 22:02:40,,,3,37.6119897,-122.485116,2025-01-19 22:02:40,LOC_EXTERNAL,11.0,,0.0,0.0,,32,,3,,,,,,,,BACKGROUND,,,,,,,,,,,,,,
75,474579996,4294967295,8,POSITION_APP,2113748863,2025-01-19 22:04:48,,,3,37.6168691,-122.4823116,2025-01-19 22:04:48,LOC_EXTERNAL,38.0,,1.0,96.0,,32,,3,,,,,,,,BACKGROUND,,,,,,,,,,,,,,
76,474579996,4294967295,8,POSITION_APP,1334330235,2025-01-19 22:04:48,,,3,37.616904,-122.4825626,2025-01-19 22:04:48,LOC_INTERNAL,63.0,174,3.0,32606000.0,6.0,32,,3,,,,,,,,BACKGROUND,,,,,,,,,,,,,,
77,474579996,4294967295,8,POSITION_APP,1040541568,2025-01-19 22:04:48,,,3,37.6168788,-122.4825263,2025-01-19 22:04:48,LOC_INTERNAL,62.0,307,7.0,33586000.0,7.0,32,,3,,,,,,,,BACKGROUND,,,,,,,,,,,,,,
78,474579996,4294967295,8,TELEMETRY_APP,3135678327,2025-01-19 22:04:48,,,3,,,2025-01-19 22:04:48,,,,,,,,,3,,,,,,,,BACKGROUND,,,,,98.0,4.104,24.338333,0.10041667,46,,,,,
79,1226146290,474579996,8,POSITION_APP,1747256959,2025-01-19 22:04:48,,,2,38.0502016,-122.1459968,2025-01-19 22:04:48,LOC_EXTERNAL,,,,,12.0,14,,2,,,,,779883378,,,RELIABLE,,,,,,,,,,,,,46.0,
80,474579996,4294967295,8,POSITION_APP,2190108537,2025-01-19 22:04:48,,,3,37.6167384,-122.4837791,2025-01-19 22:04:48,LOC_EXTERNAL,41.0,,0.0,0.0,,32,,3,,,,,,,,BACKGROUND,,,,,,,,,,,,,,
81,474579996,4294967295,8,POSITION_APP,565645186,2025-01-19 22:06:56,,,3,37.6168704,-122.4823981,2025-01-19 22:06:56,LOC_EXTERNAL,55.0,,1.0,268.0,,32,,3,,,,,,,,BACKGROUND,,,,,,,,,,,,,,
82,474579996,4294967295,8,POSITION_APP,1980501892,2025-01-19 22:06:56,,,3,37.6119973,-122.4850777,2025-01-19 22:06:56,LOC_EXTERNAL,11.0,,0.0,0.0,,32,,3,,,,,,,,BACKGROUND,,,,,,,,,,,,,,
83,474579996,4294967295,8,POSITION_APP,1840913285,2025-01-19 22:06:56,,,3,37.6167105,-122.4825678,2025-01-19 22:06:56,LOC_INTERNAL,13.0,535,1.0,33586000.0,7.0,32,,3,,,,,,,,BACKGROUND,,,,,,,,,,,,,,
84,474579996,4294967295,8,POSITION_APP,706334599,2025-01-19 22:06:56,,,3,37.6169646,-122.4825415,2025-01-19 22:06:56,LOC_EXTERNAL,10.0,,0.0,0.0,,32,,3,,,,,,,,BACKGROUND,,,,,,,,,,,,,,
85,474579996,4294967295,8,POSITION_APP,2660633486,2025-01-19 22:09:04,,,3,37.616964,-122.4825243,2025-01-19 22:09:04,LOC_INTERNAL,42.0,173,3.0,10335000.0,7.0,32,,3,,,,,,,,BACKGROUND,,,,,,,,,,,,,,
86,474579996,4294967295,8,POSITION_APP,3053147029,2025-01-19 22:13:20,,,3,37.617052,-122.482492,2025-01-19 22:13:20,LOC_INTERNAL,16.0,215,0.0,10335000.0,7.0,32,,3,,,,,,,,BACKGROUND,,,,,,,,,,,,,,
87,474579996,4294967295,8,POSITION_APP,3632344983,2025-01-19 22:13:20,,,3,37.6169372,-122.4825588,2025-01-19 22:13:20,LOC_EXTERNAL,10.0,,0.0,0.0,,32,,3,,,,,,,,BACKGROUND,,,,,,,,,,,,,,
88,474579996,4294967295,8,POSITION_APP,1075906458,2025-01-19 22:13:20,,,3,37.6169098,-122.482679,2025-01-19 22:13:20,LOC_INTERNAL,43.0,203,7.0,9115000.0,7.0,32,,3,,,,,,,,BACKGROUND,,,,,,,,,,,,,,
89,474579996,4294967295,8,POSITION_APP,2131202972,2025-01-19 22:13:20,,,3,37.6169354,-122.4825597,2025-01-19 22:13:20,LOC_EXTERNAL,53.0,,0.0,0.0,,32,,3,,,,,,,,BACKGROUND,,,,,,,,,,,,,,
90,474579996,4294967295,8,POSITION_APP,4136338341,2025-01-19 22:17:36,,,3,37.6169439,-122.4825612,2025-01-19 22:17:36,LOC_EXTERNAL,52.0,,0.0,0.0,,32,,3,,,,,,,,BACKGROUND,,,,,,,,,,,,,,
91,474579996,4294967295,8,POSITION_APP,4125049776,2025-01-19 22:19:44,,,3,37.6169466,-122.4825626,2025-01-19 22:19:44,LOC_EXTERNAL,11.0,,0.0,0.0,,32,,3,,,,,,,,BACKGROUND,,,,,,,,,,,,,,
92,474579996,4294967295,8,POSITION_APP,4289343406,2025-01-19 22:19:44,,,3,37.6170065,-122.4826953,2025-01-19 22:19:44,LOC_INTERNAL,31.0,183,5.0,25389000.0,6.0,32,,3,,,,,,,,BACKGROUND,,,,,,,,,,,,,,
93,474579996,4294967295,8,POSITION_APP,3683772341,2025-01-19 22:21:52,,,3,37.6162748,-122.4836446,2025-01-19 22:21:52,LOC_INTERNAL,-23.0,499,40.0,31294000.0,6.0,32,,3,,,,,,,,BACKGROUND,,,,,,,,,,,,,,
94,474579996,4294967295,8,POSITION_APP,4012468151,2025-01-19 22:21:52,,,3,37.6169461,-122.4825629,2025-01-19 22:21:52,LOC_EXTERNAL,11.0,,0.0,0.0,,32,,3,,,,,,,,BACKGROUND,,,,,,,,,,,,,,
95,474579996,4294967295,8,POSITION_APP,3204688825,2025-01-19 22:24:00,,,3,37.6153646,-122.4812295,2025-01-19 22:24:00,LOC_INTERNAL,398.0,269,16.0,12526000.0,6.0,32,,3,,,,,,,,BACKGROUND,,,,,,,,,,,,,,
96,474579996,4294967295,8,POSITION_APP,2804436924,2025-01-19 22:24:00,,,3,37.6169444,-122.4825629,2025-01-19 22:24:00,LOC_EXTERNAL,11.0,,0.0,0.0,,32,,3,,,,,,,,BACKGROUND,,,,,,,,,,,,,,
97,474579996,4294967295,8,POSITION_APP,557291454,2025-01-19 22:24:00,,,3,37.6154525,-122.484332,2025-01-19 22:24:00,LOC_INTERNAL,-47.0,492,7.0,12526000.0,6.0,32,,3,,,,,,,,BACKGROUND,,,,,,,,,,,,,,
98,474579996,4294967295,8,POSITION_APP,1531952064,2025-01-19 22:24:00,,,3,37.616945,-122.4825634,2025-01-19 22:24:00,LOC_EXTERNAL,52.0,,0.0,0.0,,32,,3,,,,,,,,BACKGROUND,,,,,,,,,,,,,,
99,474579996,4294967295,8,POSITION_APP,2381663169,2025-01-19 22:24:00,,,3,37.611993,-122.4851152,2025-01-19 22:24:00,LOC_EXTERNAL,11.0,,0.0,0.0,,32,,3,,,,,,,,BACKGROUND,,,,,,,,,,,,,,
100,474579996,4294967295,8,POSITION_APP,2911485891,2025-01-19 22:26:08,,,3,37.6154016,-122.484411,2025-01-19 22:26:08,LOC_INTERNAL,-38.0,228,7.0,12526000.0,5.0,32,,3,,,,,,,,BACKGROUND,,,,,,,,,,,,,,
101,474579996,4294967295,8,POSITION_APP,3563070405,2025-01-19 22:26:08,,,3,37.6169449,-122.4825637,2025-01-19 22:26:08,LOC_EXTERNAL,11.0,,0.0,0.0,,32,,3,,,,,,,,BACKGROUND,,,,,,,,,,,,,,
102,474579996,4294967295,8,POSITION_APP,3785971655,2025-01-19 22:26:08,,,3,37.6171408,-122.4837681,2025-01-19 22:26:08,LOC_INTERNAL,125.0,277,3.0,12526000.0,5.0,32,,3,,,,,,,,BACKGROUND,,,,,,,,,,,,,,
103,474579996,4294967295,8,POSITION_APP,2635597769,2025-01-19 22:26:08,,,3,37.6169448,-122.4825644,2025-01-19 22:26:08,LOC_EXTERNAL,11.0,,0.0,0.0,,32,,3,,,,,,,,BACKGROUND,,,,,,,,,,,,,,
104,474579996,4294967295,8,POSITION_APP,1628813263,2025-01-19 22:28:16,,,3,37.6158645,-122.4842235,2025-01-19 22:28:16,LOC_INTERNAL,-6.0,480,0.0,12526000.0,5.0,32,,3,,,,,,,,BACKGROUND,,,,,,,,,,,,,,
105,474579996,4294967295,8,POSITION_APP,75173840,2025-01-19 22:28:16,,,3,37.6169411,-122.4825668,2025-01-19 22:28:16,LOC_EXTERNAL,38.0,,0.0,0.0,,32,,3,,,,,,,,BACKGROUND,,,,,,,,,,,,,,
106,474579996,4294967295,8,POSITION_APP,2831594451,2025-01-19 22:28:16,,,3,37.6171285,-122.4829618,2025-01-19 22:28:16,LOC_INTERNAL,89.0,279,3.0,12526000.0,6.0,32,,3,,,,,,,,BACKGROUND,,,,,,,,,,,,,,
107,474579996,4294967295,8,POSITION_APP,318698453,2025-01-19 22:28:16,,,3,37.6169415,-122.4825667,2025-01-19 22:28:16,LOC_EXTERNAL,11.0,,0.0,0.0,,32,,3,,,,,,,,BACKGROUND,,,,,,,,,,,,,,
108,474579996,4294967295,8,POSITION_APP,4211154909,2025-01-19 22:30:24,,,3,37.6169415,-122.4825658,2025-01-19 22:30:24,LOC_EXTERNAL,29.0,,0.0,0.0,,32,,3,,,,,,,,BACKGROUND,,,,,,,,,,,,,,
109,474579996,4294967295,8,POSITION_APP,3568163799,2025-01-19 22:30:24,,,3,37.6164838,-122.483012,2025-01-19 22:30:24,LOC_INTERNAL,28.0,234,1.0,12526000.0,6.0,32,,3,,,,,,,,BACKGROUND,,,,,,,,,,,,,,
110,474579996,4294967295,8,POSITION_APP,2008954841,2025-01-19 22:30:24,,,3,37.6169414,-122.4825659,2025-01-19 22:30:24,LOC_EXTERNAL,53.0,,0.0,0.0,,32,,3,,,,,,,,BACKGROUND,,,,,,,,,,,,,,
111,474579996,4294967295,8,POSITION_APP,2110381019,2025-01-19 22:30:24,,,3,37.6170201,-122.4827273,2025-01-19 22:30:24,LOC_INTERNAL,-44.0,188,0.0,12526000.0,6.0,32,,3,,,,,,,,BACKGROUND,,,,,,,,,,,,,,
112,474579996,4294967295,8,POSITION_APP,2490588131,2025-01-19 22:32:32,,,3,37.616941,-122.482565,2025-01-19 22:32:32,LOC_EXTERNAL,11.0,,0.0,0.0,,32,,3,,,,,,,,BACKGROUND,,,,,,,,,,,,,,
113,474579996,4294967295,8,TELEMETRY_APP,32922596,2025-01-19 22:32:32,,,3,,,2025-01-19 22:32:32,,,,,,,,,3,,,,,,,,BACKGROUND,,,,,,,,,,11.56,64.740234,1013.6902,,
114,474579996,4294967295,8,POSITION_APP,335715297,2025-01-19 22:32:32,,,3,37.6938755,-122.2785976,2025-01-19 22:32:32,LOC_INTERNAL,54.0,755,23.0,31409000.0,4.0,32,,3,,,,,,,,BACKGROUND,,,,,,,,,,,,,,
115,474579996,4294967295,8,TELEMETRY_APP,3196700647,2025-01-19 22:34:40,,,3,,,2025-01-19 22:34:40,,,,,,,,,3,,,,,,,,BACKGROUND,,,,,94.0,4.064,12.608333,2.289528,1848,,,,,
116,474579996,4294967295,8,POSITION_APP,3282708462,2025-01-19 22:36:48,,,3,37.6170511,-122.4824881,2025-01-19 22:36:48,LOC_INTERNAL,25.0,191,5.0,31409000.0,7.0,32,,3,,,,,,,,BACKGROUND,,,,,,,,,,,,,,
117,474579996,4294967295,8,POSITION_APP,1781431280,2025-01-19 22:36:48,,,3,37.6169399,-122.4825645,2025-01-19 22:36:48,LOC_EXTERNAL,11.0,,0.0,0.0,,32,,3,,,,,,,,BACKGROUND,,,,,,,,,,,,,,
118,474579996,4294967295,8,POSITION_APP,3241888758,2025-01-19 22:38:56,,,3,37.611993,-122.4851152,2025-01-19 22:38:56,LOC_EXTERNAL,11.0,,0.0,0.0,,32,,3,,,,,,,,BACKGROUND,,,,,,,,,,,,,,
119,474579996,4294967295,8,POSITION_APP,1134480381,2025-01-19 22:41:04,,,3,37.6168963,-122.4824861,2025-01-19 22:41:04,LOC_EXTERNAL,10.0,,0.0,79.0,,32,,3,,,,,,,,BACKGROUND,,,,,,,,,,,,,,
120,474579996,4294967295,8,POSITION_APP,406325247,2025-01-19 22:41:04,,,3,37.6168942,-122.4821588,2025-01-19 22:41:04,LOC_EXTERNAL,0.0,,0.0,0.0,,32,,3,,,,,,,,BACKGROUND,,,,,,,,,,,,,,
121,474579996,4294967295,8,POSITION_APP,895016954,2025-01-19 22:41:04,,,3,37.6169406,-122.4825636,2025-01-19 22:41:04,LOC_EXTERNAL,11.0,,0.0,0.0,,32,,3,,,,,,,,BACKGROUND,,,,,,,,,,,,,,
122,474579996,4294967295,8,POSITION_APP,3601505275,2025-01-19 22:41:04,,,3,37.6168438,-122.4822573,2025-01-19 22:41:04,LOC_INTERNAL,63.0,193,1.0,28710000.0,6.0,32,,3,,,,,,,,BACKGROUND,,,,,,,,,,,,,,
123,474579996,4294967295,8,POSITION_APP,2056326149,2025-01-19 22:43:12,,,3,37.6168951,-122.482298,2025-01-19 22:43:12,LOC_INTERNAL,49.0,194,5.0,28710000.0,8.0,32,,3,,,,,,,,BACKGROUND,,,,,,,,,,,,,,
124,474579996,4294967295,8,POSITION_APP,449129480,2025-01-19 22:45:20,,,3,37.6168656,-122.482168,2025-01-19 22:45:20,LOC_INTERNAL,54.0,255,4.0,28710000.0,6.0,32,,3,,,,,,,,BACKGROUND,,,,,,,,,,,,,,
125,474579996,4294967295,8,POSITION_APP,4210875405,2025-01-19 21:47:44,-17.75,-88.0,3,37.616031,-122.4787618,2025-01-19 22:47:28,LOC_INTERNAL,133.0,14098,14.0,13156000.0,,32,,,,,,,,,,,,,,,,,,,,,,,,
126,474579996,4294967295,,POSITION_APP,24359951,2025-01-19 22:47:28,6.0,-13.0,3,37.6155866,-122.4766606,2025-01-19 22:47:28,LOC_INTERNAL,376.0,339,12.0,15011000.0,6.0,32,,2,,,,,,,,,,,,,,,,,,,,,,
127,474579996,4294967295,8,POSITION_APP,4256003088,2025-01-19 22:47:28,6.5,-53.0,3,37.6143301,-122.4752146,2025-01-19 22:49:36,LOC_INTERNAL,599.0,243,3.0,15011000.0,6.0,32,,1,,,,,,,,,,,,,,,,,,,,,,
128,474579996,4294967295,,POSITION_APP,4130877457,2025-01-19 22:49:36,6.0,-13.0,3,37.613992,-122.4758261,2025-01-19 22:49:36,LOC_INTERNAL,719.0,246,8.0,17585000.0,6.0,32,,1,,,,,,,,,,,,,,,,,,,,,,
129,474579996,2053998824,8,POSITION_APP,2919954450,2024-11-30 03:56:48,-9.5,-117.0,3,37.613992,-122.4758261,2025-01-19 22:49:36,LOC_INTERNAL,719.0,246,8.0,17585000.0,6.0,32,,3,,,,,295751248,,,,,,,,,,,,,,,,,
130,474579996,4294967295,8,POSITION_APP,828666901,2025-01-19 22:51:44,5.5,-70.0,3,37.6105005,-122.47571,2025-01-19 22:51:44,LOC_INTERNAL,956.0,200,15.0,15599000.0,6.0,32,,2,,,,,,,,,,,,,,,,,,,,,,
131,474579996,474581420,8,POSITION_APP,58766355,2025-01-19 22:51:44,6.25,-44.0,2,37.613992,-122.4758261,2025-01-19 22:51:44,LOC_INTERNAL,719.0,246,8.0,17585000.0,6.0,32,,,,,,,3117105567,,,,,,,,,,,,,,,,,
132,474579996,4294967295,8,POSITION_APP,2578092052,2024-11-30 03:56:48,-18.25,-126.0,3,37.6121745,-122.4760403,2025-01-19 22:51:44,LOC_INTERNAL,719.0,341,11.0,18259000.0,4.0,32,,3,,,,,,,,,,,,,,,,,,,,,,
133,474579996,4294967295,,POSITION_APP,2991424536,2024-10-12 12:52:16,-17.0,-114.0,3,37.6050226,-122.4728903,2025-01-19 22:53:52,LOC_INTERNAL,1221.0,253,26.0,14816000.0,6.0,32,,3,,,,,,,,,,,,,,,,,,,,,,
134,474579996,4294967295,8,POSITION_APP,1826206742,2025-01-19 22:53:52,-7.75,-118.0,3,37.6076371,-122.4745151,2025-01-19 22:53:52,LOC_INTERNAL,1098.0,200,27.0,17112000.0,6.0,32,,1,,,,,,,,,,,,,,,,,,,,,,
135,474579996,4294967295,,POSITION_APP,475784219,2025-01-19 22:56:00,5.75,-13.0,3,37.59785,-122.469864,2025-01-19 22:56:00,LOC_INTERNAL,1409.0,201,32.0,16520000.0,6.0,32,,1,,,,,,,,,,,,,,,,,,,,,,
136,474579996,4294967295,8,POSITION_APP,4219477017,2025-01-19 22:56:00,12.25,-70.0,3,37.6017076,-122.4712721,2025-01-19 22:56:00,LOC_INTERNAL,1318.0,201,30.0,16520000.0,6.0,32,,2,,,,,,,,,,,,,,,,,,,,,,
137,474579996,2053998824,8,POSITION_APP,2780551194,2024-11-30 04:01:04,-12.75,-121.0,2,37.6017076,-122.4712721,2025-01-19 22:56:00,LOC_INTERNAL,1318.0,201,30.0,16520000.0,6.0,32,,2,,,,,2563359083,,,,,,,,,,,,,,,,,
138,474579996,4294967295,,POSITION_APP,3242219548,2024-10-12 12:54:24,-20.0,-117.0,3,37.5939026,-122.4678103,2025-01-19 22:58:08,LOC_INTERNAL,1527.0,203,34.0,16026000.0,6.0,32,,3,,,,,,,,,,,,,,,,,,,,,,
139,474579996,4294967295,,POSITION_APP,4115425309,2024-10-12 12:56:32,-15.25,-113.0,3,37.5898798,-122.4659606,2025-01-19 22:58:08,LOC_INTERNAL,1624.0,203,33.0,16309000.0,6.0,32,,3,,,,,,,,,,,,,,,,,,,,,,
140,474579996,4294967295,,POSITION_APP,3097049118,2024-10-12 12:56:32,-16.25,-113.0,3,37.5848875,-122.4635891,2025-01-19 23:00:16,LOC_INTERNAL,1769.0,203,34.0,16009000.0,6.0,32,,3,,,,,,,,,,,,,,,,,,,,,,
141,474579996,4294967295,8,POSITION_APP,3278789663,2025-01-19 23:00:16,-15.75,-137.0,3,37.5801481,-122.4616506,2025-01-19 23:00:16,LOC_INTERNAL,1899.0,329,15.0,15861000.0,7.0,32,,3,,,,,,,,,,,,,,,,,,,,,,
142,474579996,4294967295,,POSITION_APP,3310692384,2024-10-12 12:58:40,-14.75,-112.0,3,37.5761435,-122.4597305,2025-01-19 23:00:16,LOC_INTERNAL,2001.0,266,32.0,16709000.0,5.0,32,,3,,,,,,,,,,,,,,,,,,,,,,
143,474579996,4294967295,8,POSITION_APP,3223878689,2025-01-19 23:02:24,-14.5,-102.0,3,37.571571,-122.4582931,2025-01-19 23:02:24,LOC_INTERNAL,2124.0,205,39.0,16821000.0,7.0,32,,3,,,,,,,,,,,,,,,,,,,,,,
144,474579996,4294967295,8,POSITION_APP,1213191202,2025-01-19 23:02:24,11.5,-71.0,3,37.5665525,-122.4569531,2025-01-19 23:02:24,LOC_INTERNAL,2246.0,270,36.0,17002000.0,5.0,32,,2,,,,,,,,,,,,,,,,,,,,,,
145,474579996,4294967295,8,POSITION_APP,2228970531,2025-01-19 23:04:32,-15.0,-136.0,3,37.5615871,-122.455396,2025-01-19 23:04:32,LOC_INTERNAL,2362.0,305,41.0,17502000.0,6.0,32,,3,,,,,,,,,,,,,,,,,,,,,,
146,474579996,4294967295,,POSITION_APP,1815574564,2024-10-12 13:02:56,-16.5,-114.0,3,37.556622,-122.4527546,2025-01-19 23:04:32,LOC_INTERNAL,2556.0,207,39.0,15257000.0,7.0,32,,3,,,,,,,,,,,,,,,,,,,,,,
147,474579996,4294967295,8,POSITION_APP,659701797,2025-01-19 23:06:40,-17.0,-137.0,3,37.552457,-122.450495,2025-01-19 23:06:40,LOC_INTERNAL,2618.0,375,25.0,13898000.0,6.0,32,,3,,,,,,,,,,,,,,,,,,,,,,
148,474579996,4294967295,8,POSITION_APP,2993957926,2024-11-30 04:13:52,-1.0,-107.0,3,37.5468103,-122.444897,2025-01-19 23:06:40,LOC_INTERNAL,3035.0,305,41.0,17775000.0,5.0,32,,3,,,,,,,,,,,,,,,,,,,,,,
149,474579996,4294967295,8,POSITION_APP,1882744872,2025-01-19 23:08:48,-12.25,-133.0,3,37.5312903,-122.4407633,2025-01-19 23:08:48,LOC_INTERNAL,2996.0,211,43.0,14710000.0,6.0,32,,3,,,,,,,,,,,,,,,,,,,,,,
150,474579996,4294967295,8,POSITION_APP,3040512039,2025-01-19 23:08:48,-12.5,-112.0,3,37.539375,-122.4448206,2025-01-19 23:08:48,LOC_INTERNAL,3109.0,210,51.0,15475000.0,6.0,32,,3,,,,,,,,,,,,,,,,,,,,,,
151,474579996,4294967295,8,POSITION_APP,1651105833,2025-01-19 23:10:56,-18.5,-128.0,3,37.5248006,-122.436435,2025-01-19 23:10:56,LOC_INTERNAL,3118.0,212,52.0,15242000.0,8.0,32,,3,,,,,,,,,,,,,,,,,,,,,,
152,474579996,4294967295,8,POSITION_APP,3630172202,2024-11-30 04:18:08,-2.75,-110.0,3,37.5173851,-122.43235,2025-01-19 23:10:56,LOC_INTERNAL,3245.0,212,61.0,15840000.0,6.0,32,,3,,,,,,,,,,,,,,,,,,,,,,
153,474579996,4294967295,8,POSITION_APP,3913985067,2025-01-19 23:13:04,-13.25,-123.0,3,37.5091895,-122.4285125,2025-01-19 23:13:04,LOC_INTERNAL,3361.0,265,52.0,15704000.0,6.0,32,,3,,,,,,,,,,,,,,,,,,,,,,
154,474579996,2053998824,8,POSITION_APP,2195410988,2025-01-19 23:15:12,-9.5,-130.0,3,37.5091895,-122.4285125,2025-01-19 23:13:04,LOC_INTERNAL,3361.0,265,52.0,15704000.0,6.0,32,,3,,,,,2148090785,,,,,,,,,,,,,,,,,
155,474579996,4294967295,8,POSITION_APP,3899360301,2025-01-19 23:15:12,-8.0,-129.0,3,37.5023461,-122.4243403,2025-01-19 23:13:04,LOC_INTERNAL,3361.0,14098,25.0,14163000.0,,32,,3,,,,,,,,,,,,,,,,,,,,,,
156,474579996,4294967295,8,POSITION_APP,967581742,2024-11-30 04:20:16,-1.0,-107.0,3,37.4960658,-122.4198093,2025-01-19 23:15:12,LOC_INTERNAL,3632.0,215,40.0,15780000.0,6.0,32,,3,,,,,,,,,,,,,,,,,,,,,,
157,474579996,4294967295,8,POSITION_APP,705343535,2025-01-19 23:15:12,-6.75,-128.0,3,37.4900385,-122.4159216,2025-01-19 23:15:12,LOC_INTERNAL,3747.0,217,45.0,15719000.0,6.0,32,,3,,,,,,,,,,,,,,,,,,,,,,
158,474579996,4294967295,,POSITION_APP,226423857,2024-10-12 13:15:44,-19.25,-116.0,3,37.4832993,-122.331168,2025-01-19 23:17:20,LOC_INTERNAL,9458.0,298,49.0,14865000.0,4.0,32,,3,,,,,,,,,,,,,,,,,,,,,,
159,474579996,4294967295,8,POSITION_APP,3776730160,2025-01-19 23:17:20,-6.5,-127.0,3,37.4835373,-122.4123113,2025-01-19 23:17:20,LOC_INTERNAL,3747.0,14098,41.0,15847000.0,,32,,3,,,,,,,,,,,,,,,,,,,,,,
160,474579996,4294967295,8,POSITION_APP,444563506,2025-01-19 23:19:28,-8.0,-127.0,3,37.4708036,-122.4060691,2025-01-19 23:19:28,LOC_INTERNAL,4129.0,219,40.0,15315000.0,6.0,32,,3,,,,,,,,,,,,,,,,,,,,,,
161,474579996,4294967295,8,POSITION_APP,494603315,2025-01-19 23:19:28,-14.5,-124.0,3,37.4643791,-122.4020058,2025-01-19 23:19:28,LOC_INTERNAL,4274.0,221,46.0,14748000.0,6.0,32,,3,,,,,,,,,,,,,,,,,,,,,,
162,474579996,4294967295,8,POSITION_APP,3972242484,2025-01-19 23:21:36,-12.75,-135.0,3,37.4567116,-122.397133,2025-01-19 23:21:36,LOC_INTERNAL,4410.0,222,54.0,15414000.0,6.0,32,,3,,,,,,,,,,,,,,,,,,,,,,
163,474579996,4294967295,,POSITION_APP,60899383,2024-10-12 13:22:08,-18.0,-116.0,3,37.4308585,-122.3840658,2025-01-19 23:23:44,LOC_INTERNAL,4762.0,270,59.0,16489000.0,5.0,32,,3,,,,,,,,,,,,,,,,,,,,,,
164,474579996,4294967295,8,POSITION_APP,1737274422,2025-01-19 23:23:44,-12.75,-123.0,3,37.439403,-122.388432,2025-01-19 23:23:44,LOC_INTERNAL,4661.0,225,59.0,15414000.0,6.0,32,,3,,,,,,,,,,,,,,,,,,,,,,
165,474579996,4294967295,8,POSITION_APP,3171304504,2025-01-19 23:25:52,-17.75,-141.0,3,37.4220735,-122.380264,2025-01-19 23:25:52,LOC_INTERNAL,4857.0,346,65.0,16349000.0,7.0,32,,3,,,,,,,,,,,,,,,,,,,,,,
166,474579996,4294967295,8,POSITION_APP,3622212665,2025-01-19 23:28:00,-18.75,-139.0,3,37.4133695,-122.3757468,2025-01-19 23:25:52,LOC_INTERNAL,4969.0,266,58.0,15643000.0,5.0,32,,3,,,,,,,,,,,,,,,,,,,,,,
167,474579996,4294967295,8,POSITION_APP,3392795706,2025-01-19 23:28:00,-17.0,-111.0,3,37.4048668,-122.3709421,2025-01-19 23:28:00,LOC_INTERNAL,5082.0,266,64.0,15733000.0,5.0,32,,3,,,,,,,,,,,,,,,,,,,,,,
168,474579996,4294967295,8,POSITION_APP,2909034555,2025-01-19 23:30:08,-17.75,-138.0,3,37.3965911,-122.3656343,2025-01-19 23:28:00,LOC_INTERNAL,5203.0,266,61.0,15186000.0,7.0,32,,3,,,,,,,,,,,,,,,,,,,,,,
169,474579996,4294967295,8,POSITION_APP,3067951164,2024-11-30 04:35:12,-4.25,-112.0,3,37.38756,-122.3596768,2025-01-19 23:30:08,LOC_INTERNAL,5340.0,267,69.0,14975000.0,5.0,32,,3,,,,,,,,,,,,,,,,,,,,,,
170,474579996,4294967295,,POSITION_APP,2864429117,2024-10-12 13:28:32,-19.25,-116.0,3,37.3782661,-122.3534926,2025-01-19 23:30:08,LOC_INTERNAL,5467.0,267,72.0,14651000.0,5.0,32,,3,,,,,,,,,,,,,,,,,,,,,,
171,474579996,4294967295,8,POSITION_APP,1714781246,2025-01-19 23:32:16,-12.0,-132.0,3,37.368855,-122.347163,2025-01-19 23:32:16,LOC_INTERNAL,5579.0,267,71.0,15582000.0,5.0,32,,3,,,,,,,,,,,,,,,,,,,,,,
172,474579996,1137580964,8,POSITION_APP,1883928639,2025-01-19 23:32:16,-13.0,-136.0,3,37.368855,-122.347163,2025-01-19 23:32:16,LOC_INTERNAL,5579.0,267,71.0,15582000.0,5.0,32,,3,,,,,1182043463,,,,,,,,,,,,,,,,,
173,474579996,4294967295,8,POSITION_APP,2561272897,2025-01-19 23:34:24,-7.75,-129.0,3,37.3483008,-122.331643,2025-01-19 23:34:24,LOC_INTERNAL,5860.0,486,71.0,14988000.0,5.0,32,,3,,,,,,,,,,,,,,,,,,,,,,
174,474579996,4294967295,8,POSITION_APP,4195530822,2025-01-19 23:40:48,-4.0,-125.0,3,37.3034735,-122.2938553,2025-01-19 23:38:40,LOC_INTERNAL,6524.0,525,64.0,14310000.0,5.0,32,,3,,,,,,,,,,,,,,,,,,,,,,
175,474579996,4294967295,8,POSITION_APP,290297925,2025-01-19 11:37:36,-10.0,-108.0,3,37.3127855,-122.3017845,2025-01-19 23:38:40,LOC_INTERNAL,6392.0,296,71.0,14138000.0,5.0,32,,3,,,,,,,,,,,,,,,,,,,,,,
176,474579996,4294967295,8,POSITION_APP,160468039,2025-01-19 23:40:48,-9.5,-133.0,3,37.2952873,-122.2865938,2025-01-19 23:40:48,LOC_INTERNAL,6631.0,366,58.0,14165000.0,4.0,32,,3,,,,,,,,,,,,,,,,,,,,,,
177,474579996,4294967295,8,POSITION_APP,657712200,2025-01-19 11:41:52,-17.0,-114.0,3,37.2874863,-122.27858,2025-01-19 23:40:48,LOC_INTERNAL,6749.0,277,60.0,13942000.0,5.0,32,,3,,,,,,,,,,,,,,,,,,,,,,
178,474579996,3176150712,8,POSITION_APP,451292235,2025-01-19 23:45:04,-18.5,-128.0,2,37.271626,-122.2624473,2025-01-19 23:42:56,LOC_INTERNAL,6984.0,280,63.0,13800000.0,5.0,32,,2,,,,,303458010,,,,,,,,,,,,,,,,,
179,474579996,4294967295,8,POSITION_APP,1402569805,2025-01-19 11:46:08,-16.75,-115.0,3,37.2562688,-122.2449316,2025-01-19 23:45:04,LOC_INTERNAL,7123.0,600,72.0,13576000.0,7.0,32,,3,,,,,,,,,,,,,,,,,,,,,,
180,474579996,4294967295,8,POSITION_APP,2799370318,2025-01-19 23:47:12,-12.25,-133.0,3,37.248668,-122.2355928,2025-01-19 23:47:12,LOC_INTERNAL,7383.0,286,68.0,13561000.0,5.0,32,,3,,,,,,,,,,,,,,,,,,,,,,
181,474579996,1127930580,8,POSITION_APP,1712037968,2025-01-19 23:47:12,-18.5,-126.0,3,37.2411863,-122.2259636,2025-01-19 23:47:12,LOC_INTERNAL,7514.0,287,69.0,13433000.0,5.0,32,,3,,,,,2271370014,,,,,,,,,,,,,,,,,
182,474579996,4294967295,8,POSITION_APP,1211848786,2025-01-19 23:49:20,-1.75,-123.0,3,37.2272106,-122.2063265,2025-01-19 23:49:20,LOC_INTERNAL,7789.0,394,73.0,13511000.0,5.0,32,,3,,,,,,,,,,,,,,,,,,,,,,
183,474579996,4294967295,8,POSITION_APP,1195596885,2025-01-19 23:53:36,-9.75,-117.0,3,37.2052658,-122.1766878,2025-01-19 23:53:36,LOC_INTERNAL,8172.0,298,66.0,13724000.0,5.0,32,,3,,,,,,,,,,,,,,,,,,,,,,
184,474579996,4294967295,8,POSITION_APP,983500886,2025-01-19 23:53:36,-16.0,-110.0,3,37.1975245,-122.167998,2025-01-19 23:53:36,LOC_INTERNAL,8308.0,301,65.0,13786000.0,5.0,32,,3,,,,,,,,,,,,,,,,,,,,,,
185,474579996,4294967295,8,POSITION_APP,3255930967,2025-01-19 23:55:44,-12.25,-119.0,3,37.1902595,-122.1602788,2025-01-19 23:55:44,LOC_INTERNAL,8445.0,304,59.0,13874000.0,6.0,32,,3,,,,,,,,,,,,,,,,,,,,,,
186,474579996,4294967295,8,POSITION_APP,2399701080,2025-01-19 23:55:44,-16.75,-123.0,3,37.1831378,-122.1523961,2025-01-19 23:55:44,LOC_INTERNAL,8578.0,307,61.0,13545000.0,5.0,32,,3,,,,,,,,,,,,,,,,,,,,,,
187,474579996,4294967295,8,POSITION_APP,3542551641,2025-01-19 23:57:52,-6.75,-113.0,3,37.1758766,-122.1445591,2025-01-19 23:57:52,LOC_INTERNAL,8720.0,310,62.0,13912000.0,5.0,32,,3,,,,,,,,,,,,,,,,,,,,,,
188,474579996,4294967295,8,POSITION_APP,2103017564,2025-01-20 00:00:00,-3.75,-111.0,3,37.1490473,-122.1220358,2025-01-20 00:00:00,LOC_INTERNAL,9148.0,446,66.0,14562000.0,4.0,32,,3,,,,,,,,,,,,,,,,,,,,,,
189,474579996,4294967295,8,POSITION_APP,420811867,2025-01-20 00:00:00,-9.75,-116.0,3,37.1584455,-122.1293978,2025-01-20 00:00:00,LOC_INTERNAL,8998.0,315,64.0,14790000.0,5.0,32,,3,,,,,,,,,,,,,,,,,,,,,,
190,474579996,4294967295,8,POSITION_APP,336218206,2025-01-20 00:02:08,-5.25,-107.0,3,37.1286093,-122.105315,2025-01-20 00:02:08,LOC_INTERNAL,9456.0,328,73.0,14648000.0,5.0,32,,3,,,,,,,,,,,,,,,,,,,,,,
191,474579996,4294967295,8,POSITION_APP,2887999583,2025-01-20 00:04:16,-6.5,-114.0,3,37.1198036,-122.0987855,2025-01-20 00:04:16,LOC_INTERNAL,9590.0,470,74.0,14895000.0,4.0,32,,3,,,,,,,,,,,,,,,,,,,,,,
192,474579996,4294967295,8,POSITION_APP,3521101920,2025-01-19 12:05:20,-13.75,-112.0,3,37.1103471,-122.0907951,2025-01-20 00:04:16,LOC_INTERNAL,9715.0,479,75.0,14204000.0,4.0,32,,3,,,,,,,,,,,,,,,,,,,,,,
193,474579996,4294967295,8,POSITION_APP,400050273,2025-01-20 00:06:24,-4.5,-123.0,3,37.101018,-122.0816566,2025-01-20 00:06:24,LOC_INTERNAL,9834.0,1077,69.0,14193000.0,4.0,32,,3,,,,,,,,,,,,,,,,,,,,,,
194,474579996,4294967295,8,POSITION_APP,1411861602,2025-01-20 00:06:24,5.25,-98.0,3,37.0880735,-122.0699725,2025-01-20 00:06:24,LOC_INTERNAL,10004.0,1167,67.0,15158000.0,4.0,32,,3,,,,,,,,,,,,,,,,,,,,,,
195,474579996,4294967295,8,POSITION_APP,750591075,2025-01-19 12:07:28,-19.5,-116.0,3,37.0796045,-122.0622765,2025-01-20 00:08:32,LOC_INTERNAL,10125.0,1187,72.0,14151000.0,4.0,32,,3,,,,,,,,,,,,,,,,,,,,,,
196,474579996,4294967295,8,POSITION_APP,3350581348,2025-01-20 00:08:32,4.25,-97.0,3,37.0710698,-122.0533296,2025-01-20 00:08:32,LOC_INTERNAL,10253.0,1239,76.0,13712000.0,4.0,32,,3,,,,,,,,,,,,,,,,,,,,,,
197,474579996,4294967295,8,POSITION_APP,3201990757,2025-01-20 00:10:40,4.25,-96.0,3,37.0626285,-122.0441771,2025-01-20 00:10:40,LOC_INTERNAL,10392.0,1297,70.0,14173000.0,4.0,32,,3,,,,,,,,,,,,,,,,,,,,,,
198,474579996,4294967295,8,POSITION_APP,3180472425,2025-01-20 00:14:56,-15.25,-122.0,3,37.0285685,-122.0063811,2025-01-20 00:14:56,LOC_INTERNAL,11003.0,1600,67.0,12799000.0,4.0,32,,3,,,,,,,,,,,,,,,,,,,,,,
199,474579996,4294967295,8,POSITION_APP,1221292138,2025-01-20 00:17:04,1.25,-105.0,3,37.0192886,-121.9935946,2025-01-20 00:14:56,LOC_INTERNAL,11173.0,1717,74.0,12976000.0,4.0,32,,3,,,,,,,,,,,,,,,,,,,,,,
200,474579996,4294967295,8,POSITION_APP,4129980524,2025-01-20 00:17:04,-12.0,-132.0,3,37.005299,-121.9695658,2025-01-20 00:17:04,LOC_INTERNAL,11455.0,1942,80.0,12053000.0,4.0,32,,3,,,,,,,,,,,,,,,,,,,,,,
201,474579996,4294967295,8,POSITION_APP,832887915,2025-01-20 00:17:04,1.5,-105.0,3,37.012037,-121.982337,2025-01-20 00:17:04,LOC_INTERNAL,11312.0,1823,78.0,12875000.0,4.0,32,,3,,,,,,,,,,,,,,,,,,,,,,
202,474579996,4294967295,8,POSITION_APP,511981677,2025-01-20 00:19:12,-1.75,-108.0,3,36.998488,-121.9551493,2025-01-20 00:19:12,LOC_INTERNAL,11619.0,2091,78.0,11848000.0,4.0,32,,3,,,,,,,,,,,,,,,,,,,,,,
203,474579996,4294967295,8,POSITION_APP,2248693870,2025-01-20 00:19:12,-2.75,-109.0,3,36.9928005,-121.9286411,2025-01-20 00:19:12,LOC_INTERNAL,11775.0,2253,83.0,11581000.0,4.0,32,,3,,,,,,,,,,,,,,,,,,,,,,
204,474579996,4294967295,8,POSITION_APP,786585713,2025-01-19 12:20:16,-16.25,-114.0,3,36.9870375,-121.9133591,2025-01-20 00:21:20,LOC_INTERNAL,11918.0,2446,82.0,11643000.0,4.0,32,,3,,,,,,,,,,,,,,,,,,,,,,
205,474579996,4294967295,8,POSITION_APP,1657926770,2025-01-20 01:01:52,-6.0,-125.0,3,36.7071313,-121.3855125,2025-01-20 01:04:00,LOC_INTERNAL,11932.0,774,65.0,14109000.0,6.0,32,,3,,,,,,,,,,,,,,,,,,,,,,
206,474579996,4294967295,8,POSITION_APP,372124788,2025-01-19 13:02:56,-15.75,-114.0,3,36.7005583,-121.378705,2025-01-20 01:04:00,LOC_INTERNAL,11939.0,799,75.0,14344000.0,11.0,32,,3,,,,,,,,,,,,,,,,,,,,,,
207,474579996,4294967295,8,POSITION_APP,3373666421,2025-01-20 01:04:00,-7.0,-129.0,3,36.6966543,-121.3747191,2025-01-20 01:04:00,LOC_INTERNAL,11938.0,813,73.0,13708000.0,4.0,32,,3,,,,,,,,,,,,,,,,,,,,,,
208,474579996,1128015960,8,POSITION_APP,3581254774,2025-01-20 01:18:56,-18.75,-126.0,3,36.6966543,-121.3747191,2025-01-20 01:18:56,LOC_INTERNAL,11938.0,813,73.0,13708000.0,4.0,32,,3,,,,,1235628904,,,,,,,,,,,,,,,,,
209,474579996,4294967295,8,POSITION_APP,2230199420,2025-01-20 01:38:08,-12.75,-135.0,3,36.533836,-121.2446303,2025-01-20 01:38:08,LOC_INTERNAL,11271.0,114,84.0,11238000.0,10.0,32,,3,,,,,,,,,,,,,,,,,,,,,,
210,474579996,4294967295,8,POSITION_APP,2560715902,2025-01-20 01:38:08,-14.0,-137.0,3,36.5305088,-121.2364246,2025-01-20 01:40:16,LOC_INTERNAL,11019.0,692,159.0,12631000.0,9.0,32,,3,,,,,,,,,,,,,,,,,,,,,,
211,474579996,4294967295,8,POSITION_APP,782254212,2025-01-20 01:42:24,6.25,-39.0,3,36.4988111,-121.1965426,2025-01-20 01:42:24,LOC_INTERNAL,7567.0,125,84.0,12972000.0,9.0,32,,1,,,,,,,,,,,,,,,,,,,,,,
212,474579996,4294967295,8,POSITION_APP,4132649099,2025-01-20 01:48:48,-16.25,-123.0,3,36.4480975,-121.1532725,2025-01-20 01:48:48,LOC_INTERNAL,3794.0,231,58.0,16635000.0,7.0,32,,,,,,,,,,,,,,,,,,,,,,,,
213,3175512464,474579996,8,NODEINFO_APP,"""!bd467990""",2025-01-20 01:44:32,-6.0,-126.0,,,,,,,,,,,,true,2,"""Tower""","""Towe""","""|\236\275Fy\220""",HELTEC_V2_1,,,,,,,,,,,,,,,,,,
214,1832749969,474579996,8,NODEINFO_APP,"""!6d3d8b91""",2025-01-20 01:40:16,-5.5,-126.0,,,,,,,,,,,,true,3,"""Hornet""","""8b91""","""\366\023m=\213\221""",T_ECHO,,,,,,,,,,,,,,,,,,
215,3175512464,474579996,8,NODEINFO_APP,"""!bd467990""",2025-01-20 01:40:16,-5.5,-128.0,,,,,,,,,,,,true,2,"""Tower""","""Towe""","""|\236\275Fy\220""",HELTEC_V2_1,,,,,,,,,,,,,,,,,,
216,1832749969,474579996,8,NODEINFO_APP,"""!6d3d8b91""",2025-01-20 01:04:00,-7.25,-128.0,,,,,,,,,,,,true,3,"""Hornet""","""8b91""","""\366\023m=\213\221""",T_ECHO,,,,,,,,,,,,,,,,,,
217,1740703535,474579996,8,NODEINFO_APP,"""!67c1072f""",2025-01-20 01:04:00,-8.0,-118.0,4,,,,,,,,,,,true,2,"""Meshtastic 072f""","""072f""","""\314>g\301\007/""",RAK4631,,""" \367;\235\207\242m\235\347C\032\364\304o\251\376M\031\033\221\002\277T\313M\275%\212\2048\266\005""",,,,,,,,,,,,,,,,
218,3806565488,474579996,8,NODEINFO_APP,"""!e2e39470""",2025-01-20 01:04:00,-7.75,-128.0,,,,,,,,,,,,true,,"""Meshtastic 9470""","""9470""","""H\'\342\343\224p""",HELTEC_V3,,,,,,,,,,,,,,,,,,
219,516894233,474579996,8,NODEINFO_APP,"""!1ecf2e19""",2025-01-20 01:04:00,6.25,-24.0,4,,,,,,,,,,,true,4,"""Meshtastic 2e19""","""2e19""","""\376\323\036\317.\031""",RAK4631,,,CLIENT_MUTE,,,,,,,,,,,,,,,
220,862209656,474579996,8,NODEINFO_APP,"""!33644678""",2025-01-20 01:04:00,,,4,,,,,,,,,,,true,4,"""DUBLIN/Logger""","""DLOG""","""d\3503dFx""",HELTEC_V3,,,CLIENT_MUTE,BACKGROUND,,,,,,,,,,,,,,
221,3663152688,474579996,8,NODEINFO_APP,"""!da574630""",2025-01-20 01:04:00,3.25,-106.0,3,,,,,,,,,,,true,1,"""STARLORD""","""MOB1""","""4\267\332WF0""",LILYGO_TBEAM_S3_CORE,,,,,,,,,,,,,,,,,,
222,861766760,474579996,8,NODEINFO_APP,"""!335d8468""",2025-01-20 00:23:28,-4.5,-126.0,3,,,,,,,,,,,true,1,"""Gray 256""","""Gray""","""d\3503]\204h""",HELTEC_V3,,,,,,,,,,,,,,,,,,
223,862631953,474579996,8,NODEINFO_APP,"""!336ab811""",2025-01-20 00:21:20,,,3,,,,,,,,,,,true,3,"""Big Blue ben@N6BRL.com""","""BnBl""","""\304O3j\270\021""",TBEAM,,"""\345\036\024\347\326\n\364\353\335\247\""\222\255h\320\316w\276\031\243\007\357\355\264h4O\256\323\202g\005""",CLIENT_MUTE,BACKGROUND,,,,,,,,,,,,,,
224,3340170795,474579996,8,NODEINFO_APP,"""!c716f62b""",2025-01-20 00:21:20,-9.25,-98.0,5,,,,,,,,,,,true,4,"""MeshNet - MN02""","""MN02""","""\330\005\307\026\366+""",RAK4631,,"""K\204@\361k\202\333\317\236\323y\r\307\231+\354\341\240/\356\350\010a=\224r\215\212\010\351m\025""",,,,,,,,,,,,,,,,
225,1832749969,474579996,8,NODEINFO_APP,"""!6d3d8b91""",2025-01-20 00:21:20,-5.0,-127.0,,,,,,,,,,,,true,3,"""Hornet""","""8b91""","""\366\023m=\213\221""",T_ECHO,,,,,,,,,,,,,,,,,,
226,944382635,474579996,8,NODEINFO_APP,"""!384a22ab""",2025-01-20 00:21:20,-7.0,-117.0,3,,,,,,,,,,,true,3,"""Tekify Fiber & Wireless""","""TEK""","""\367\372v\375\276\354""",RAK4631,,,ROUTER,,,,,,,,,,,,,,,
227,3723673045,474579996,8,NODEINFO_APP,"""!ddf2bdd5""",2025-01-20 00:21:20,,,3,,,,,,,,,,,true,3,"""Glen Arbor AC3T""","""AC3T""","""\330:\335\362\275\325""",PORTDUINO,,"""\001\0215\371\270^X?\242r\000\0320d\323e\317\016{\302\\\0318\307Uw\234 !8\301\001""",,BACKGROUND,,,,,,,,,,,,,,
228,3175512464,474579996,8,NODEINFO_APP,"""!bd467990""",2025-01-20 00:21:20,-13.0,-129.0,,,,,,,,,,,,true,2,"""Tower""","""Towe""","""|\236\275Fy\220""",HELTEC_V2_1,,,,,,,,,,,,,,,,,,
229,3663120160,474579996,8,NODEINFO_APP,"""!da56c720""",2025-01-19 23:19:28,-9.5,-79.0,3,,,,,,,,,,,true,3,"""Cupertino Hogwarts""","""CH""","""4\267\332V\307 """,HELTEC_V3,,"""\\dX\343DP\005RO1\242\321\203\350\353\370p\312\236\002gJ\243W\307\243\031\0371>\335g""",,,,,,,,,,,,,,,,
230,1787870431,474579996,8,NODEINFO_APP,"""!6a90bcdf""",2025-01-20 00:21:20,6.0,-63.0,3,,,,,,,,,,,true,3,"""AC3T RAK""","""AC32""","""\367Fj\220\274\337""",RAK4631,,"""\242[\322D\330\331\331J\""\225\232\247\206\021\245\006\2640\215\303\323\256\263\035T\256D\264\3074\030B""",,,,,,,,,,,,,,,,
231,474579996,994481224,8,TRACEROUTE_APP,1093113967,2025-01-20 00:19:12,-1.0,-107.0,7,,,,,,,,,,,,7,,,,,691629811,,,,true,994490752,-11,,,,,,,,,,,
232,994481224,474579996,8,TRACEROUTE_APP,691629811,2025-01-20 00:19:12,-19.0,-112.0,7,,,,,,,,,,,true,5,,,,,,,,,true,357699125,,,,,,,,,,,,
233,3774290792,474579996,8,NODEINFO_APP,"""!e0f71b68""",2025-01-20 00:19:12,6.25,-36.0,4,,,,,,,,,,,true,4,"""echo five""","""ech5""","""\010\371\340\367\033h""",TBEAM,,,,,,,,,,,,,,,,,,
234,3806665668,474579996,8,NODEINFO_APP,"""!e2e51bc4""",2025-01-20 00:19:12,-12.0,-129.0,,,,,,,,,,,,true,2,"""Meshtastic 1bc4""","""1bc4""","""H\'\342\345\033\304""",HELTEC_WSL_V3,,"""2c4ky\016C\343\3155\363\223]\321l0\352\300\244$W|\363c\257\306 \020\032\3655M""",,,,,,,,,,,,,,,,
235,1832749969,474579996,8,NODEINFO_APP,"""!6d3d8b91""",2025-01-20 00:17:04,-11.0,-132.0,,,,,,,,,,,,true,2,"""Hornet""","""8b91""","""\366\023m=\213\221""",T_ECHO,,,,,,,,,,,,,,,,,,
236,4198729752,474579996,8,NODEINFO_APP,"""!fa438818""",2025-01-20 00:17:04,-10.0,-134.0,,,,,,,,,,,,true,3,"""DAbelson""","""Abee""","""\364\022\372C\210\030""",HELTEC_V3,,,,,,,,,,,,,,,,,,
237,3175512464,474579996,8,NODEINFO_APP,"""!bd467990""",2025-01-20 00:17:04,-10.0,-133.0,,,,,,,,,,,,true,2,"""Tower""","""Towe""","""|\236\275Fy\220""",HELTEC_V2_1,,,,,,,,,,,,,,,,,,
238,3771738008,474579996,8,NODEINFO_APP,"""!e0d02798""",2025-01-19 23:17:20,-13.25,-83.0,5,,,,,,,,,,,true,,"""Wes ""","""Wes""","""\010\371\340\320\'\230""",TBEAM,,,CLIENT_MUTE,,,,,,,,,,,,,,,
239,862631953,474579996,8,NODEINFO_APP,"""!336ab811""",2025-01-20 00:17:04,,,3,,,,,,,,,,,true,3,"""Big Blue ben@N6BRL.com""","""BnBl""","""\304O3j\270\021""",TBEAM,,"""\345\036\024\347\326\n\364\353\335\247\""\222\255h\320\316w\276\031\243\007\357\355\264h4O\256\323\202g\005""",CLIENT_MUTE,BACKGROUND,,,,,,,,,,,,,,
240,474574632,474579996,8,NODEINFO_APP,"""!1c496f28""",2025-01-20 00:17:04,3.0,-106.0,3,,,,,,,,,,,true,,"""TBB4f28""","""TBB4""","""\020\006\034Io(""",TBEAM,,,,,,,,,,,,,,,,,,
241,3663956432,474579996,8,NODEINFO_APP,"""!da6389d0""",2025-01-20 00:14:56,,,7,,,,,,,,,,,true,7,"""KJ6DLF-3""","""DLF3""","""4\267\332c\211\320""",HELTEC_V3,,,,BACKGROUND,,,,,,,,,,,,,,
242,3509212484,474579996,8,NODEINFO_APP,"""!d12a5544""",2025-01-20 00:14:56,-7.25,-117.0,3,,,,,,,,,,,true,1,"""LAH Router 5544 1/17""","""LR51""","""\370\217\321*UD""",RAK4631,,,,,,,,,,,,,,,,,,
243,581710148,474579996,8,NODEINFO_APP,"""!22ac3144""",2025-01-20 00:10:40,6.5,-43.0,5,,,,,,,,,,,true,2,"""MeshNet - MN14""","""MN14""","""\307|\""\2541D""",RAK4631,,""",\225*\273\365\202\351\275\031\321:\326\024\320\356K/\014/RHtk2\212\303\341\035$\232\373%""",,,,,,,,,,,,,,,,
244,920055649,474579996,8,NODEINFO_APP,"""!36d6ef61""",2025-01-20 00:10:40,-6.75,-92.0,4,,,,,,,,,,,true,1,"""AD6DM Router | Elk Grove South""","""EGSR""","""\310F6\326\357a""",RAK4631,,"""\020R\246\235\033\316\351\376\\9\""\364\252vk\3308\261\272\331Y\277\330\333\334Mv\300\273\335\367Y""",,,,,,,,,,,,,,,,
245,474574692,474579996,8,NODEINFO_APP,"""!1c496f64""",2025-01-20 00:08:32,2.75,-105.0,3,,,,,,,,,,,true,1,"""CCCKM 6f64""","""CCKM""","""\020\006\034Iod""",TBEAM,,,ROUTER_CLIENT,,,,,,,,,,,,,,,
246,439961536,474579996,8,NODEINFO_APP,"""!1a3947c0""",2025-01-20 00:08:32,6.75,-43.0,3,,,,,,,,,,,true,1,"""davs2rt 47c0""","""dav1""","""\315f\0329G\300""",T_ECHO,,,,,,,,,,,,,,,,,,
247,474572516,474579996,8,NODEINFO_APP,"""!1c4966e4""",2025-01-20 00:08:32,6.25,-44.0,5,,,,,,,,,,,true,4,"""DocB Roof T-Beam""","""DocR""","""\020\006\034If\344""",TBEAM,,,,,,,,,,,,,,,,,,
248,1787870431,474579996,8,NODEINFO_APP,"""!6a90bcdf""",2025-01-20 00:08:32,6.25,-63.0,3,,,,,,,,,,,true,3,"""AC3T RAK""","""AC32""","""\367Fj\220\274\337""",RAK4631,,"""\242[\322D\330\331\331J\""\225\232\247\206\021\245\006\2640\215\303\323\256\263\035T\256D\264\3074\030B""",,,,,,,,,,,,,,,,
249,20526527,474579996,8,NODEINFO_APP,"""!013935bf""",2025-01-20 00:08:32,-7.25,-117.0,7,,,,,,,,,,,true,6,"""ADSB-01""","""ads1""","""\344_\00195\277""",PORTDUINO,,,CLIENT_HIDDEN,,,,,,,,,,,,,,,
250,516894233,474579996,8,NODEINFO_APP,"""!1ecf2e19""",2025-01-20 00:06:24,5.75,-24.0,4,,,,,,,,,,,true,4,"""Meshtastic 2e19""","""2e19""","""\376\323\036\317.\031""",RAK4631,,,CLIENT_MUTE,,,,,,,,,,,,,,,
251,530574480,474579996,8,NODEINFO_APP,"""!1f9fec90""",2025-01-20 00:06:24,-10.75,-133.0,,,,,,,,,,,,true,1,"""Meshtastic ec90""","""ec90""","""\010\266\037\237\354\220""",TBEAM,,,,,,,,,,,,,,,,,,
252,530605200,474579996,8,NODEINFO_APP,"""!1fa06490""",2025-01-20 00:04:16,6.5,-64.0,5,,,,,,,,,,,true,5,"""yagi one""","""yag1""","""\010\266\037\240d\220""",TBEAM,,"""QL~\351\271\035\362\376\353\""u\233\363.\235k8\361\235:\214\31318\331\247\\\023\254\004\221v""",CLIENT_MUTE,,,,,,,,,,,,,,,
253,357699125,474579996,8,NODEINFO_APP,"""!15520e35""",2025-01-20 00:04:16,2.75,-106.0,3,,,,,,,,,,,true,1,"""Diablo Backup Router LF W6CX mdarc.org""","""DBL2""","""\352\361\025R\0165""",RAK4631,,,ROUTER,,,,,,,,,,,,,,,
254,1189817913,474579996,8,NODEINFO_APP,"""!99a34093""",2025-01-20 00:04:16,-7.5,-118.0,7,,,,,,,,,,,true,6,"""Router-01""","""rtr1""","""\356\r\231\243@\223""",RAK4631,,,,,,,,,,,,,,,,,,
255,1127980092,474579996,8,NODEINFO_APP,"""!433b9c3c""",2025-01-20 00:04:16,6.75,-43.0,3,,,,,,,,,,,true,1,"""DocB Heltec ""","""DocP""","""H\312C;\234<""",HELTEC_V3,,,CLIENT_MUTE,,,,,,,,,,,,,,,
256,3723673045,474579996,8,NODEINFO_APP,"""!ddf2bdd5""",2025-01-20 00:04:16,,,3,,,,,,,,,,,true,3,"""Glen Arbor AC3T""","""AC3T""","""\330:\335\362\275\325""",PORTDUINO,,"""\001\0215\371\270^X?\242r\000\0320d\323e\317\016{\302\\\0318\307Uw\234 !8\301\001""",,BACKGROUND,,,,,,,,,,,,,,
257,1129932292,474579996,8,NODEINFO_APP,"""!43596604""",2025-01-20 00:04:16,-16.0,-137.0,3,,,,,,,,,,,true,2,"""Meshtastic 6604""","""6604""","""H\312CYf\004""",HELTEC_V3,,,,,,,,,,,,,,,,,,
258,861942488,474579996,8,NODEINFO_APP,"""!336032d8""",2025-01-20 00:02:08,7.0,-20.0,3,,,,,,,,,,,true,1,"""Meshy_big""","""Mshy""","""d\3503`2\330""",LILYGO_TBEAM_S3_CORE,,,,,,,,,,,,,,,,,,
259,1127899024,474579996,8,NODEINFO_APP,"""!433a5f90""",2025-01-20 00:02:08,5.75,-44.0,6,,,,,,,,,,,true,4,"""DocB Desktop Heltec""","""DocD""","""H\312C:_\220""",HELTEC_V3,,,CLIENT_MUTE,,,,,,,,,,,,,,,
260,20526527,474579996,8,NODEINFO_APP,"""!013935bf""",2025-01-20 00:02:08,-7.5,-118.0,7,,,,,,,,,,,true,5,"""ADSB-01""","""ads1""","""\344_\00195\277""",PORTDUINO,,,CLIENT_HIDDEN,,,,,,,,,,,,,,,
261,1128202468,474579996,8,NODEINFO_APP,"""!433f00e4""",2025-01-20 00:00:00,-6.5,-92.0,5,,,,,,,,,,,true,2,"""Meshtastic 00e4""","""00e4""","""H\312C?\000\344""",HELTEC_V3,,,,,,,,,,,,,,,,,,
262,862209656,474579996,8,NODEINFO_APP,"""!33644678""",2025-01-20 00:00:00,,,4,,,,,,,,,,,true,4,"""DUBLIN/Logger""","""DLOG""","""d\3503dFx""",HELTEC_V3,,,CLIENT_MUTE,BACKGROUND,,,,,,,,,,,,,,
263,1474208883,474579996,8,NODEINFO_APP,"""!57dea473""",2025-01-20 00:00:00,3.25,-104.0,3,,,,,,,,,,,true,2,"""Meshtastic a473""","""a473""","""\324\030W\336\244s""",RAK4631,,"""\347\246\271\215X]b\370\364\r3\356\250j\245\374p\006\344Z\262\362\210\245\255\261\034\334\230\277\233`""",,,,,,,,,,,,,,,,
264,20526527,474579996,8,NODEINFO_APP,"""!013935bf""",2025-01-19 23:57:52,-6.5,-117.0,7,,,,,,,,,,,true,5,"""ADSB-01""","""ads1""","""\344_\00195\277""",PORTDUINO,,,CLIENT_HIDDEN,,,,,,,,,,,,,,,
265,994481224,474579996,8,TRACEROUTE_APP,841500018,2025-01-19 23:55:44,1.0,-105.0,7,,,,,,,,,,,true,2,,,,,,,,,true,862521276,,,,,,,,,,,,
266,994490752,474579996,8,NODEINFO_APP,"""!3b46b980""",2025-01-19 22:56:00,,,1,,,,,,,,,,,true,1,"""KM6PNB""","""b980""","""\354\332;F\271\200""",STATION_G2,,,ROUTER_CLIENT,BACKGROUND,,,,,,,,,,,,,,
267,3340170795,474579996,8,NODEINFO_APP,"""!c716f62b""",2025-01-19 23:55:44,-10.5,-98.0,5,,,,,,,,,,,true,4,"""MeshNet - MN02""","""MN02""","""\330\005\307\026\366+""",RAK4631,,"""K\204@\361k\202\333\317\236\323y\r\307\231+\354\341\240/\356\350\010a=\224r\215\212\010\351m\025""",,,,,,,,,,,,,,,,
268,3723673045,474579996,8,NODEINFO_APP,"""!ddf2bdd5""",2025-01-19 23:53:36,,,3,,,,,,,,,,,true,3,"""Glen Arbor AC3T""","""AC3T""","""\330:\335\362\275\325""",PORTDUINO,,"""\001\0215\371\270^X?\242r\000\0320d\323e\317\016{\302\\\0318\307Uw\234 !8\301\001""",,BACKGROUND,,,,,,,,,,,,,,
269,3806565488,474579996,8,NODEINFO_APP,"""!e2e39470""",2025-01-19 23:51:28,-10.0,-133.0,,,,,,,,,,,,true,1,"""Meshtastic 9470""","""9470""","""H\'\342\343\224p""",HELTEC_V3,,,,,,,,,,,,,,,,,,
270,3774323384,474579996,8,NODEINFO_APP,"""!e0f79ab8""",2025-01-19 23:51:28,-7.25,-118.0,3,,,,,,,,,,,true,2,"""North Fremont - Lakes&Birds Neigh""","""NFMT""","""\010\371\340\367\232\270""",TBEAM,,,,,,,,,,,,,,,,,,
271,1862407146,474579996,,NODEINFO_APP,"""!6f0213ea""",2025-01-19 23:51:28,5.75,-12.0,4,,,,,,,,,,,true,4,"""BigRAK""","""Burr""","""\311\002o\002\023\352""",RAK4631,,,,,,,,,,,,,,,,,,
272,994490752,474579996,8,NODEINFO_APP,"""!3b46b980""",2025-01-19 22:49:36,,,1,,,,,,,,,,,true,1,"""KM6PNB""","""b980""","""\354\332;F\271\200""",STATION_G2,,,ROUTER_CLIENT,BACKGROUND,,,,,,,,,,,,,,
273,862631953,474579996,8,NODEINFO_APP,"""!336ab811""",2025-01-19 23:49:20,,,3,,,,,,,,,,,true,3,"""Big Blue ben@N6BRL.com""","""BnBl""","""\304O3j\270\021""",TBEAM,,"""\345\036\024\347\326\n\364\353\335\247\""\222\255h\320\316w\276\031\243\007\357\355\264h4O\256\323\202g\005""",CLIENT_MUTE,BACKGROUND,,,,,,,,,,,,,,
274,4198729752,474579996,8,NODEINFO_APP,"""!fa438818""",2025-01-19 23:47:12,-10.5,-134.0,,,,,,,,,,,,true,3,"""DAbelson""","""Abee""","""\364\022\372C\210\030""",HELTEC_V3,,,,,,,,,,,,,,,,,,
275,994481224,474579996,8,TRACEROUTE_APP,821440240,2025-01-19 23:47:12,1.75,-106.0,7,,,,,,,,,,,true,5,,,,,,,,,true,862521276,,,,,,,,,,,,
276,2086350028,474579996,8,NODEINFO_APP,"""!7c5b2ccc""",2025-01-19 23:47:12,-6.0,-124.0,3,,,,,,,,,,,true,2,"""Taiwania 2ccc""","""twUS""","""$X|[,\314""",HELTEC_V3,,,,,,,,,,,,,,,,,,
277,2733355816,474579996,8,NODEINFO_APP,"""!a2ebb328""",2025-01-19 23:47:12,11.75,-70.0,3,,,,,,,,,,,true,3,"""Burnulance""","""Blce""","""\314\215\242\353\263(""",STATION_G2,,,,,,,,,,,,,,,,,,
278,1127899024,474579996,8,NODEINFO_APP,"""!433a5f90""",2025-01-19 23:47:12,6.25,-42.0,6,,,,,,,,,,,true,4,"""DocB Desktop Heltec""","""DocD""","""H\312C:_\220""",HELTEC_V3,,,CLIENT_MUTE,,,,,,,,,,,,,,,
279,4204304256,474579996,,NODEINFO_APP,"""!fa989780""",2024-10-12 13:43:28,,,3,,,,,,,,,,,true,3,"""Packet Eater 9780""","""NOM""","""\364\022\372\230\227\200""",TLORA_T3_S3,,,,BACKGROUND,,,,,,,,,,,,,,
280,2053924708,474579996,8,NODEINFO_APP,"""!7a6c6764""",2025-01-19 23:45:04,,,5,,,,,,,,,,,true,5,"""Three Emus""","""3emu""","""4\230zlgd""",TBEAM,,"""\240\324\332\256\2106\205X8U\034\232}\355b\270`\035\332\233\332S`\347;\207`\205Q\2625E""",,BACKGROUND,,,,,,,,,,,,,,
281,994490708,474579996,8,NODEINFO_APP,"""!3b46b954""",2025-01-19 23:42:56,-18.25,-140.0,3,,,,,,,,,,,true,,"""CHIPPY""","""CHIP""","""\354\332;F\271T""",STATION_G2,,,,,,,,,,,,,,,,,,
282,1432829806,474579996,8,NODEINFO_APP,"""!55673f6e""",2025-01-19 23:40:48,-4.75,-127.0,,,,,,,,,,,,true,1,"""Meshtastic 3f6e""","""3f6e""","""\320\314Ug?n""",T_ECHO,,,,,,,,,,,,,,,,,,
283,2053924708,474579996,8,NODEINFO_APP,"""!7a6c6764""",2025-01-19 23:40:48,,,5,,,,,,,,,,,true,5,"""Three Emus""","""3emu""","""4\230zlgd""",TBEAM,,"""\240\324\332\256\2106\205X8U\034\232}\355b\270`\035\332\233\332S`\347;\207`\205Q\2625E""",,BACKGROUND,,,,,,,,,,,,,,
284,3340170795,474579996,8,NODEINFO_APP,"""!c716f62b""",2025-01-19 23:40:48,-9.75,-97.0,5,,,,,,,,,,,true,4,"""MeshNet - MN02""","""MN02""","""\330\005\307\026\366+""",RAK4631,,"""K\204@\361k\202\333\317\236\323y\r\307\231+\354\341\240/\356\350\010a=\224r\215\212\010\351m\025""",,,,,,,,,,,,,,,,
285,1127981132,474579996,8,NODEINFO_APP,"""!433ba04c""",2025-01-19 23:40:48,1.5,-105.0,7,,,,,,,,,,,true,1,"""MatchHome""","""MH1""","""H\312C;\240L""",HELTEC_V3,,,,,,,,,,,,,,,,,,
286,1127899024,474579996,8,NODEINFO_APP,"""!433a5f90""",2025-01-19 23:40:48,-7.75,-118.0,6,,,,,,,,,,,true,4,"""DocB Desktop Heltec""","""DocD""","""H\312C:_\220""",HELTEC_V3,,,CLIENT_MUTE,,,,,,,,,,,,,,,
287,2196014924,474579996,8,NODEINFO_APP,"""!82e4874c""",2025-01-19 23:40:48,-7.75,-117.0,4,,,,,,,,,,,true,2,"""DocB T-Echo""","""DocB""","""\333\251\202\344\207L""",T_ECHO,,,CLIENT_MUTE,,,,,,,,,,,,,,,
288,2733355816,474579996,8,NODEINFO_APP,"""!a2ebb328""",2025-01-19 23:40:48,12.0,-89.0,3,,,,,,,,,,,true,2,"""Burnulance""","""Blce""","""\314\215\242\353\263(""",STATION_G2,,,,,,,,,,,,,,,,,,
289,1129907768,474579996,8,NODEINFO_APP,"""!43590638""",2025-01-19 23:40:48,,,5,,,,,,,,,,,true,5,"""OVW0""","""OVW0""","""H\312CY\0068""",HELTEC_V3,,,CLIENT_MUTE,BACKGROUND,,,,,,,,,,,,,,
290,1136048448,474579996,8,NODEINFO_APP,"""!43b6b940""",2025-01-19 22:38:56,-15.0,-86.0,3,,,,,,,,,,,true,,"""Meshtastic b940""","""b940""","""H\312C\266\271@""",HELTEC_V3,,"""\013m\307y}\356\3339\337\273\n\312\272\276\r\355s\2677|\330z\334\345\tvj5h$\344\014""",,,,,,,,,,,,,,,,
291,3567956342,474579996,8,NODEINFO_APP,"""!d4aab176""",2025-01-19 23:34:24,1.0,-107.0,7,,,,,,,,,,,true,5,"""Folsom TEcho""","""FSM1""","""\376\256\324\252\261v""",T_ECHO,,,,,,,,,,,,,,,,,,
292,994490752,474579996,8,NODEINFO_APP,"""!3b46b980""",2025-01-19 22:34:40,,,1,,,,,,,,,,,true,1,"""KM6PNB""","""b980""","""\354\332;F\271\200""",STATION_G2,,,ROUTER_CLIENT,BACKGROUND,,,,,,,,,,,,,,
293,862631953,474579996,8,NODEINFO_APP,"""!336ab811""",2025-01-19 23:34:24,,,3,,,,,,,,,,,true,3,"""Big Blue ben@N6BRL.com""","""BnBl""","""\304O3j\270\021""",TBEAM,,"""\345\036\024\347\326\n\364\353\335\247\""\222\255h\320\316w\276\031\243\007\357\355\264h4O\256\323\202g\005""",CLIENT_MUTE,BACKGROUND,,,,,,,,,,,,,,
294,3175512464,474579996,8,NODEINFO_APP,"""!bd467990""",2025-01-19 23:32:16,-5.75,-129.0,,,,,,,,,,,,true,2,"""Tower""","""Towe""","""|\236\275Fy\220""",HELTEC_V2_1,,,,,,,,,,,,,,,,,,
295,2718629340,474579996,,NODEINFO_APP,"""!a20afddc""",2025-01-19 23:32:16,,,,,,,,,,,,,,true,,"""Packet Cannon""","""🎳""","""\314\215\242\n\375\334""",STATION_G2,,,,BACKGROUND,,,,,,,,,,,,,,
296,1189817913,474579996,8,NODEINFO_APP,"""!99a34093""",2025-01-19 23:32:16,-7.75,-117.0,7,,,,,,,,,,,true,6,"""Router-01""","""rtr1""","""\356\r\231\243@\223""",RAK4631,,,,,,,,,,,,,,,,,,
297,3662951496,474579996,8,NODEINFO_APP,"""!da543448""",2025-01-19 23:32:16,-7.5,-118.0,3,,,,,,,,,,,true,1,"""Home""","""FAA1""","""4\267\332T4H""",HELTEC_V3,,,,,,,,,,,,,,,,,,
298,3774323384,474579996,8,NODEINFO_APP,"""!e0f79ab8""",2025-01-19 23:32:16,-7.5,-118.0,3,,,,,,,,,,,true,2,"""North Fremont - Lakes&Birds Neigh""","""NFMT""","""\010\371\340\367\232\270""",TBEAM,,,,,,,,,,,,,,,,,,
299,1127980092,474579996,8,NODEINFO_APP,"""!433b9c3c""",2025-01-19 23:30:08,6.0,-43.0,3,,,,,,,,,,,true,1,"""DocB Heltec ""","""DocP""","""H\312C;\234<""",HELTEC_V3,,,CLIENT_MUTE,,,,,,,,,,,,,,,
300,1474208883,474579996,8,NODEINFO_APP,"""!57dea473""",2025-01-19 23:30:08,1.0,-105.0,3,,,,,,,,,,,true,2,"""Meshtastic a473""","""a473""","""\324\030W\336\244s""",RAK4631,,"""\347\246\271\215X]b\370\364\r3\356\250j\245\374p\006\344Z\262\362\210\245\255\261\034\334\230\277\233`""",,,,,,,,,,,,,,,,
301,862209656,474579996,8,NODEINFO_APP,"""!33644678""",2025-01-19 23:28:00,,,4,,,,,,,,,,,true,4,"""DUBLIN/Logger""","""DLOG""","""d\3503dFx""",HELTEC_V3,,,CLIENT_MUTE,BACKGROUND,,,,,,,,,,,,,,
302,1128068532,474579996,8,NODEINFO_APP,"""!433cf5b4""",2025-01-19 23:28:00,,,3,,,,,,,,,,,true,3,"""AdventureComms""","""ADVC""","""H\312C<\365\264""",HELTEC_V3,,"""\204\017\210q\2277\237\027T\230\270U\317\321\006\321B\222m!\014`G\224G\261\373\313\313@\233b""",,BACKGROUND,,,,,,,,,,,,,,
303,4204304256,474579996,,NODEINFO_APP,"""!fa989780""",2024-10-12 13:24:16,,,3,,,,,,,,,,,true,3,"""Packet Eater 9780""","""NOM""","""\364\022\372\230\227\200""",TLORA_T3_S3,,,,BACKGROUND,,,,,,,,,,,,,,
304,2718629340,474579996,,NODEINFO_APP,"""!a20afddc""",2025-01-19 23:25:52,,,,,,,,,,,,,,true,,"""Packet Cannon""","""🎳""","""\314\215\242\n\375\334""",STATION_G2,,,,BACKGROUND,,,,,,,,,,,,,,
305,1882227270,474579996,8,NODEINFO_APP,"""!70308246""",2025-01-19 23:25:52,6.5,-42.0,5,,,,,,,,,,,true,5,"""OVWH""","""OVWH""","""\361\321p0\202F""",RAK4631,,,,,,,,,,,,,,,,,,
306,1127899024,474579996,8,NODEINFO_APP,"""!433a5f90""",2025-01-19 23:23:44,-7.0,-117.0,6,,,,,,,,,,,true,4,"""DocB Desktop Heltec""","""DocD""","""H\312C:_\220""",HELTEC_V3,,,CLIENT_MUTE,,,,,,,,,,,,,,,
307,994490752,474579996,8,NODEINFO_APP,"""!3b46b980""",2025-01-19 22:24:00,,,1,,,,,,,,,,,true,1,"""KM6PNB""","""b980""","""\354\332;F\271\200""",STATION_G2,,,ROUTER_CLIENT,BACKGROUND,,,,,,,,,,,,,,
308,1474208883,474579996,8,NODEINFO_APP,"""!57dea473""",2025-01-19 23:23:44,0.25,-104.0,3,,,,,,,,,,,true,2,"""Meshtastic a473""","""a473""","""\324\030W\336\244s""",RAK4631,,"""\347\246\271\215X]b\370\364\r3\356\250j\245\374p\006\344Z\262\362\210\245\255\261\034\334\230\277\233`""",,,,,,,,,,,,,,,,
309,3408686155,474579996,,NODEINFO_APP,"""!cb2c6c4b""",2025-01-19 23:21:36,6.25,-12.0,,,,,,,,,,,,true,1,"""Meshtastic 6c4b""","""6c4b""","""\347\225\313,lK""",RAK4631,,,ROUTER,,,,,,,,,,,,,,,
310,516894233,474579996,8,NODEINFO_APP,"""!1ecf2e19""",2025-01-19 23:21:36,6.0,-24.0,4,,,,,,,,,,,true,4,"""Meshtastic 2e19""","""2e19""","""\376\323\036\317.\031""",RAK4631,,,CLIENT_MUTE,,,,,,,,,,,,,,,
311,476010596,474579996,8,NODEINFO_APP,"""!1c5f5864""",2025-01-19 23:19:28,-10.75,-132.0,,,,,,,,,,,,true,1,"""Rick Black 5864""","""RK64""","""\260\262\034_Xd""",TBEAM,,,,,,,,,,,,,,,,,,
312,1189817913,474579996,8,NODEINFO_APP,"""!99a34093""",2025-01-19 23:21:36,-7.5,-118.0,7,,,,,,,,,,,true,6,"""Router-01""","""rtr1""","""\356\r\231\243@\223""",RAK4631,,,,,,,,,,,,,,,,,,
313,1127980092,474579996,8,NODEINFO_APP,"""!433b9c3c""",2025-01-19 23:21:36,-7.0,-117.0,3,,,,,,,,,,,true,1,"""DocB Heltec ""","""DocP""","""H\312C;\234<""",HELTEC_V3,,,CLIENT_MUTE,,,,,,,,,,,,,,,
314,3771738008,474579996,8,NODEINFO_APP,"""!e0d02798""",2025-01-19 22:19:44,-11.75,-81.0,5,,,,,,,,,,,true,,"""Wes ""","""Wes""","""\010\371\340\320\'\230""",TBEAM,,,CLIENT_MUTE,,,,,,,,,,,,,,,
315,474572516,474579996,8,NODEINFO_APP,"""!1c4966e4""",2025-01-19 23:21:36,6.0,-44.0,5,,,,,,,,,,,true,4,"""DocB Roof T-Beam""","""DocR""","""\020\006\034If\344""",TBEAM,,,,,,,,,,,,,,,,,,
316,2718629340,474579996,,NODEINFO_APP,"""!a20afddc""",2025-01-19 23:21:36,,,,,,,,,,,,,,true,,"""Packet Cannon""","""🎳""","""\314\215\242\n\375\334""",STATION_G2,,,,BACKGROUND,,,,,,,,,,,,,,
317,4198729752,474579996,8,NODEINFO_APP,"""!fa438818""",2025-01-19 23:19:28,-11.5,-133.0,,,,,,,,,,,,true,3,"""DAbelson""","""Abee""","""\364\022\372C\210\030""",HELTEC_V3,,,,,,,,,,,,,,,,,,
318,3175512464,474579996,8,NODEINFO_APP,"""!bd467990""",2025-01-19 23:19:28,-10.25,-133.0,,,,,,,,,,,,true,2,"""Tower""","""Towe""","""|\236\275Fy\220""",HELTEC_V2_1,,,,,,,,,,,,,,,,,,
319,3806665668,474579996,8,NODEINFO_APP,"""!e2e51bc4""",2025-01-19 23:19:28,-10.0,-132.0,,,,,,,,,,,,true,1,"""Meshtastic 1bc4""","""1bc4""","""H\'\342\345\033\304""",HELTEC_WSL_V3,,"""2c4ky\016C\343\3155\363\223]\321l0\352\300\244$W|\363c\257\306 \020\032\3655M""",,,,,,,,,,,,,,,,
320,1128202468,474579996,8,NODEINFO_APP,"""!433f00e4""",2025-01-19 23:17:20,7.25,-54.0,5,,,,,,,,,,,true,,"""Meshtastic 00e4""","""00e4""","""H\312C?\000\344""",HELTEC_V3,,,,,,,,,,,,,,,,,,
321,994490752,474579996,8,NODEINFO_APP,"""!3b46b980""",2025-01-19 22:19:44,,,1,,,,,,,,,,,true,1,"""KM6PNB""","""b980""","""\354\332;F\271\200""",STATION_G2,,,ROUTER_CLIENT,BACKGROUND,,,,,,,,,,,,,,
322,20526527,474579996,8,NODEINFO_APP,"""!013935bf""",2024-11-30 04:24:32,-16.25,-123.0,7,,,,,,,,,,,true,6,"""ADSB-01""","""ads1""","""\344_\00195\277""",PORTDUINO,,,CLIENT_HIDDEN,,,,,,,,,,,,,,,
323,3806565488,474579996,8,NODEINFO_APP,"""!e2e39470""",2025-01-19 23:17:20,-6.25,-128.0,,,,,,,,,,,,true,,"""Meshtastic 9470""","""9470""","""H\'\342\343\224p""",HELTEC_V3,,,,,,,,,,,,,,,,,,
324,1862407146,474579996,,NODEINFO_APP,"""!6f0213ea""",2025-01-19 23:17:20,6.75,-11.0,4,,,,,,,,,,,true,4,"""BigRAK""","""Burr""","""\311\002o\002\023\352""",RAK4631,,,,,,,,,,,,,,,,,,
325,1128068532,474579996,8,NODEINFO_APP,"""!433cf5b4""",2025-01-19 23:15:12,,,3,,,,,,,,,,,true,3,"""AdventureComms""","""ADVC""","""H\312C<\365\264""",HELTEC_V3,,"""\204\017\210q\2277\237\027T\230\270U\317\321\006\321B\222m!\014`G\224G\261\373\313\313@\233b""",,BACKGROUND,,,,,,,,,,,,,,
326,3771738008,474579996,8,NODEINFO_APP,"""!e0d02798""",2025-01-19 23:15:12,5.75,-68.0,5,,,,,,,,,,,true,1,"""Wes ""","""Wes""","""\010\371\340\320\'\230""",TBEAM,,,CLIENT_MUTE,,,,,,,,,,,,,,,
327,1128202468,474579996,8,NODEINFO_APP,"""!433f00e4""",2025-01-19 23:15:12,-10.0,-130.0,,,,,,,,,,,,true,1,"""Meshtastic 00e4""","""00e4""","""H\312C?\000\344""",HELTEC_V3,,,,,,,,,,,,,,,,,,
328,1127980092,474579996,8,NODEINFO_APP,"""!433b9c3c""",2025-01-19 23:15:12,5.75,-44.0,3,,,,,,,,,,,true,1,"""DocB Heltec ""","""DocP""","""H\312C;\234<""",HELTEC_V3,,,CLIENT_MUTE,,,,,,,,,,,,,,,
329,3651740956,474579996,8,NODEINFO_APP,"""!d9a9251c""",2025-01-19 23:15:12,5.75,-27.0,5,,,,,,,,,,,true,5,"""Icy Block""","""ICYB""","""\326\332\331\251%\034""",RAK4631,,"""l8\267\242\230wQ\\O\017]\352r1^\343\326\204\242L\225=\303/q\020\030/\262\032\200u""",CLIENT_MUTE,,,,,,,,,,,,,,,
330,2041969180,474579996,8,NODEINFO_APP,"""!79b5fa1c""",2025-01-19 23:15:12,6.0,-68.0,5,,,,,,,,,,,true,3,"""Meekland Solar 🌞""","""Meek""","""\307#y\265\372\034""",RAK4631,,,ROUTER_CLIENT,,,,,,,,,,,,,,,
331,3662951496,474579996,8,NODEINFO_APP,"""!da543448""",2025-01-19 23:13:04,-19.75,-142.0,3,,,,,,,,,,,true,1,"""Home""","""FAA1""","""4\267\332T4H""",HELTEC_V3,,,,,,,,,,,,,,,,,,
332,474572516,474579996,8,NODEINFO_APP,"""!1c4966e4""",2025-01-19 23:15:12,-7.5,-118.0,5,,,,,,,,,,,true,4,"""DocB Roof T-Beam""","""DocR""","""\020\006\034If\344""",TBEAM,,,,,,,,,,,,,,,,,,
333,2718629340,474579996,,NODEINFO_APP,"""!a20afddc""",2025-01-19 23:15:12,,,,,,,,,,,,,,true,,"""Packet Cannon""","""🎳""","""\314\215\242\n\375\334""",STATION_G2,,,,BACKGROUND,,,,,,,,,,,,,,
334,994490752,474579996,8,NODEINFO_APP,"""!3b46b980""",2025-01-19 22:13:20,,,1,,,,,,,,,,,true,1,"""KM6PNB""","""b980""","""\354\332;F\271\200""",STATION_G2,,,ROUTER_CLIENT,BACKGROUND,,,,,,,,,,,,,,
335,2733364688,474579996,8,NODEINFO_APP,"""!a2ebd5d0""",2025-01-19 23:13:04,5.75,-84.0,3,,,,,,,,,,,true,1,"""N6RTM B""","""RTMb""","""\314\215\242\353\325\320""",STATION_G2,,"""\3011\361L\334\220=\314\216\216x\017;@\2211\020\000\314C<\212\215\364\361K\005\325h\222\226\026""",,,,,,,,,,,,,,,,
336,1127899024,474579996,8,NODEINFO_APP,"""!433a5f90""",2025-01-19 23:13:04,6.5,-42.0,6,,,,,,,,,,,true,4,"""DocB Desktop Heltec""","""DocD""","""H\312C:_\220""",HELTEC_V3,,,CLIENT_MUTE,,,,,,,,,,,,,,,
337,2196014924,474579996,8,NODEINFO_APP,"""!82e4874c""",2025-01-19 23:13:04,6.0,-43.0,4,,,,,,,,,,,true,2,"""DocB T-Echo""","""DocB""","""\333\251\202\344\207L""",T_ECHO,,,CLIENT_MUTE,,,,,,,,,,,,,,,
338,1882227270,474579996,8,NODEINFO_APP,"""!70308246""",2025-01-19 23:13:04,5.75,-43.0,5,,,,,,,,,,,true,5,"""OVWH""","""OVWH""","""\361\321p0\202F""",RAK4631,,,,,,,,,,,,,,,,,,
339,3175512464,474579996,8,NODEINFO_APP,"""!bd467990""",2025-01-19 23:10:56,-10.5,-132.0,,,,,,,,,,,,true,1,"""Tower""","""Towe""","""|\236\275Fy\220""",HELTEC_V2_1,,,,,,,,,,,,,,,,,,
340,474574632,474579996,8,NODEINFO_APP,"""!1c496f28""",2025-01-19 23:10:56,-15.75,-86.0,3,,,,,,,,,,,true,,"""TBB4f28""","""TBB4""","""\020\006\034Io(""",TBEAM,,,,,,,,,,,,,,,,,,
341,1127980092,474579996,8,NODEINFO_APP,"""!433b9c3c""",2025-01-19 23:10:56,5.5,-43.0,3,,,,,,,,,,,true,1,"""DocB Heltec ""","""DocP""","""H\312C;\234<""",HELTEC_V3,,,CLIENT_MUTE,,,,,,,,,,,,,,,
342,3774323384,474579996,8,NODEINFO_APP,"""!e0f79ab8""",2025-01-19 23:08:48,-7.25,-117.0,3,,,,,,,,,,,true,2,"""North Fremont - Lakes&Birds Neigh""","""NFMT""","""\010\371\340\367\232\270""",TBEAM,,,,,,,,,,,,,,,,,,
343,2718629340,474579996,,NODEINFO_APP,"""!a20afddc""",2025-01-19 23:08:48,,,,,,,,,,,,,,true,,"""Packet Cannon""","""🎳""","""\314\215\242\n\375\334""",STATION_G2,,,,BACKGROUND,,,,,,,,,,,,,,
344,3340170795,474579996,8,NODEINFO_APP,"""!c716f62b""",2025-01-19 23:08:48,-10.25,-98.0,5,,,,,,,,,,,true,4,"""MeshNet - MN02""","""MN02""","""\330\005\307\026\366+""",RAK4631,,"""K\204@\361k\202\333\317\236\323y\r\307\231+\354\341\240/\356\350\010a=\224r\215\212\010\351m\025""",,,,,,,,,,,,,,,,
345,994484508,474579996,8,NODEINFO_APP,"""!3b46a11c""",2025-01-19 22:06:56,-12.5,-80.0,4,,,,,,,,,,,true,1,"""Zoo G2 a11c""","""Zoo2""","""\354\332;F\241\034""",STATION_G2,,,,,,,,,,,,,,,,,,
346,3175512464,474579996,8,NODEINFO_APP,"""!bd467990""",2025-01-19 23:06:40,-6.25,-127.0,,,,,,,,,,,,true,1,"""Tower""","""Towe""","""|\236\275Fy\220""",HELTEC_V2_1,,,,,,,,,,,,,,,,,,
347,1127899024,474579996,8,NODEINFO_APP,"""!433a5f90""",2025-01-19 23:06:40,6.0,-42.0,6,,,,,,,,,,,true,4,"""DocB Desktop Heltec""","""DocD""","""H\312C:_\220""",HELTEC_V3,,,CLIENT_MUTE,,,,,,,,,,,,,,,
348,4198729680,474579996,8,NODEINFO_APP,"""!fa4387d0""",2025-01-19 23:02:24,-10.5,-133.0,,,,,,,,,,,,true,2,"""AbelDog""","""Dog""","""\364\022\372C\207\320""",HELTEC_V3,,,,,,,,,,,,,,,,,,
349,3662951496,474579996,8,NODEINFO_APP,"""!da543448""",2025-01-19 23:04:32,6.0,-43.0,3,,,,,,,,,,,true,1,"""Home""","""FAA1""","""4\267\332T4H""",HELTEC_V3,,,,,,,,,,,,,,,,,,
350,530608656,474579996,8,NODEINFO_APP,"""!1fa07210""",2025-01-19 23:04:32,6.0,-58.0,5,,,,,,,,,,,true,4,"""nobody""","""nbdy""","""\010\266\037\240r\020""",TBEAM,,"""\017!j\235\352UL\252\365\000\310\260%;\361}\202\016iI\211R,OX\317\205I\340y\r7""",,,,,,,,,,,,,,,,
351,4228900486,474579996,8,NODEINFO_APP,"""!fc0fe686""",2025-01-19 23:02:24,6.0,-41.0,5,,,,,,,,,,,true,5,"""Meshtastic e686""","""e686""","""\301.\374\017\346\206""",TRACKER_T1000_E,,"""\263\202\010\017\036\274\036 *\334\366ZW\017\343\203\212\024\263\030Gk<7\203\206\267\365\362\305J\001""",CLIENT_MUTE,,,,,,,,,,,,,,,
352,1129888948,474579996,8,NODEINFO_APP,"""!4358bcb4""",2025-01-19 23:02:24,,,4,,,,,,,,,,,true,4,"""echo three https://bayme.sh""","""ech3""","""H\312CX\274\264""",HELTEC_WIRELESS_PAPER,,"""\016\272\332\327XM\247\344\307\331\246\325\216Lc\347\003T\ng\270\210y\250\215b\273y\202\365\277\\""",CLIENT_MUTE,BACKGROUND,,,,,,,,,,,,,,
353,2718629340,474579996,,NODEINFO_APP,"""!a20afddc""",2025-01-19 23:02:24,,,,,,,,,,,,,,true,,"""Packet Cannon""","""🎳""","""\314\215\242\n\375\334""",STATION_G2,,,,BACKGROUND,,,,,,,,,,,,,,
354,530605200,474579996,8,NODEINFO_APP,"""!1fa06490""",2025-01-19 23:02:24,6.25,-66.0,5,,,,,,,,,,,true,5,"""yagi one""","""yag1""","""\010\266\037\240d\220""",TBEAM,,"""QL~\351\271\035\362\376\353\""u\233\363.\235k8\361\235:\214\31318\331\247\\\023\254\004\221v""",CLIENT_MUTE,,,,,,,,,,,,,,,
355,1832749969,474579996,8,NODEINFO_APP,"""!6d3d8b91""",2025-01-19 23:00:16,-7.5,-131.0,,,,,,,,,,,,true,3,"""Hornet""","""8b91""","""\366\023m=\213\221""",T_ECHO,,,,,,,,,,,,,,,,,,
356,2041969180,474579996,8,NODEINFO_APP,"""!79b5fa1c""",2025-01-19 23:02:24,6.25,-71.0,5,,,,,,,,,,,true,4,"""Meekland Solar 🌞""","""Meek""","""\307#y\265\372\034""",RAK4631,,,ROUTER_CLIENT,,,,,,,,,,,,,,,
357,4198729752,474579996,8,NODEINFO_APP,"""!fa438818""",2025-01-19 23:00:16,-10.5,-132.0,,,,,,,,,,,,true,3,"""DAbelson""","""Abee""","""\364\022\372C\210\030""",HELTEC_V3,,,,,,,,,,,,,,,,,,
358,1272268502,474579996,8,NODEINFO_APP,"""!4bd546d6""",2025-01-19 23:00:16,6.75,-44.0,5,,,,,,,,,,,true,5,"""nobody loves you""","""n<3u""","""\317zK\325F\326""",TRACKER_T1000_E,,,,,,,,,,,,,,,,,,
359,1882227270,474579996,8,NODEINFO_APP,"""!70308246""",2025-01-19 23:00:16,6.25,-42.0,5,,,,,,,,,,,true,5,"""OVWH""","""OVWH""","""\361\321p0\202F""",RAK4631,,,,,,,,,,,,,,,,,,
360,530608656,474579996,8,NODEINFO_APP,"""!1fa07210""",2025-01-19 22:58:08,5.75,-7.0,5,,,,,,,,,,,true,5,"""nobody""","""nbdy""","""\010\266\037\240r\020""",TBEAM,,"""\017!j\235\352UL\252\365\000\310\260%;\361}\202\016iI\211R,OX\317\205I\340y\r7""",,,,,,,,,,,,,,,,
361,4228900486,474579996,8,NODEINFO_APP,"""!fc0fe686""",2025-01-19 22:58:08,7.0,-21.0,5,,,,,,,,,,,true,3,"""Meshtastic e686""","""e686""","""\301.\374\017\346\206""",TRACKER_T1000_E,,"""\263\202\010\017\036\274\036 *\334\366ZW\017\343\203\212\024\263\030Gk<7\203\206\267\365\362\305J\001""",CLIENT_MUTE,,,,,,,,,,,,,,,
362,1129888948,474579996,8,NODEINFO_APP,"""!4358bcb4""",2025-01-19 22:58:08,,,4,,,,,,,,,,,true,4,"""echo three https://bayme.sh""","""ech3""","""H\312CX\274\264""",HELTEC_WIRELESS_PAPER,,"""\016\272\332\327XM\247\344\307\331\246\325\216Lc\347\003T\ng\270\210y\250\215b\273y\202\365\277\\""",CLIENT_MUTE,BACKGROUND,,,,,,,,,,,,,,
363,2718629340,474579996,,NODEINFO_APP,"""!a20afddc""",2025-01-19 22:58:08,,,,,,,,,,,,,,true,,"""Packet Cannon""","""🎳""","""\314\215\242\n\375\334""",STATION_G2,,,,BACKGROUND,,,,,,,,,,,,,,
364,4198729680,474579996,8,NODEINFO_APP,"""!fa4387d0""",2025-01-19 22:56:00,-7.5,-129.0,,,,,,,,,,,,true,1,"""AbelDog""","""Dog""","""\364\022\372C\207\320""",HELTEC_V3,,,,,,,,,,,,,,,,,,
365,862631953,474579996,8,NODEINFO_APP,"""!336ab811""",2025-01-19 22:58:08,,,3,,,,,,,,,,,true,3,"""Big Blue ben@N6BRL.com""","""BnBl""","""\304O3j\270\021""",TBEAM,,"""\345\036\024\347\326\n\364\353\335\247\""\222\255h\320\316w\276\031\243\007\357\355\264h4O\256\323\202g\005""",CLIENT_MUTE,BACKGROUND,,,,,,,,,,,,,,
366,4198729752,474579996,8,NODEINFO_APP,"""!fa438818""",2025-01-19 22:53:52,-5.75,-127.0,,,,,,,,,,,,true,2,"""DAbelson""","""Abee""","""\364\022\372C\210\030""",HELTEC_V3,,,,,,,,,,,,,,,,,,
367,3175512464,474579996,8,NODEINFO_APP,"""!bd467990""",2025-01-19 22:53:52,-11.5,-133.0,,,,,,,,,,,,true,2,"""Tower""","""Towe""","""|\236\275Fy\220""",HELTEC_V2_1,,,,,,,,,,,,,,,,,,
368,1862407146,474579996,,NODEINFO_APP,"""!6f0213ea""",2025-01-19 22:56:00,6.0,-13.0,4,,,,,,,,,,,true,4,"""BigRAK""","""Burr""","""\311\002o\002\023\352""",RAK4631,,,,,,,,,,,,,,,,,,
369,2733355816,474579996,8,NODEINFO_APP,"""!a2ebb328""",2025-01-19 22:56:00,11.75,-70.0,3,,,,,,,,,,,true,3,"""Burnulance""","""Blce""","""\314\215\242\353\263(""",STATION_G2,,,,,,,,,,,,,,,,,,
370,1128068532,474579996,8,NODEINFO_APP,"""!433cf5b4""",2025-01-19 22:56:00,,,3,,,,,,,,,,,true,3,"""AdventureComms""","""ADVC""","""H\312C<\365\264""",HELTEC_V3,,"""\204\017\210q\2277\237\027T\230\270U\317\321\006\321B\222m!\014`G\224G\261\373\313\313@\233b""",,BACKGROUND,,,,,,,,,,,,,,
371,2053924708,474579996,8,NODEINFO_APP,"""!7a6c6764""",2025-01-19 22:56:00,,,5,,,,,,,,,,,true,5,"""Three Emus""","""3emu""","""4\230zlgd""",TBEAM,,"""\240\324\332\256\2106\205X8U\034\232}\355b\270`\035\332\233\332S`\347;\207`\205Q\2625E""",,BACKGROUND,,,,,,,,,,,,,,
372,20526527,474579996,8,NODEINFO_APP,"""!013935bf""",2025-01-19 22:53:52,-7.5,-118.0,7,,,,,,,,,,,true,5,"""ADSB-01""","""ads1""","""\344_\00195\277""",PORTDUINO,,,CLIENT_HIDDEN,,,,,,,,,,,,,,,
373,2196014924,474579996,8,NODEINFO_APP,"""!82e4874c""",2025-01-19 22:53:52,-7.5,-118.0,4,,,,,,,,,,,true,2,"""DocB T-Echo""","""DocB""","""\333\251\202\344\207L""",T_ECHO,,,CLIENT_MUTE,,,,,,,,,,,,,,,
374,1127980092,474579996,8,NODEINFO_APP,"""!433b9c3c""",2025-01-19 22:53:52,-17.5,-142.0,3,,,,,,,,,,,true,,"""DocB Heltec ""","""DocP""","""H\312C;\234<""",HELTEC_V3,,,CLIENT_MUTE,,,,,,,,,,,,,,,
375,944382635,474579996,8,NODEINFO_APP,"""!384a22ab""",2024-11-30 04:01:04,-15.0,-122.0,3,,,,,,,,,,,true,3,"""Tekify Fiber & Wireless""","""TEK""","""\367\372v\375\276\354""",RAK4631,,,ROUTER,,,,,,,,,,,,,,,
376,1129907768,474579996,8,NODEINFO_APP,"""!43590638""",2025-01-19 22:53:52,,,5,,,,,,,,,,,true,5,"""OVW0""","""OVW0""","""H\312CY\0068""",HELTEC_V3,,,CLIENT_MUTE,BACKGROUND,,,,,,,,,,,,,,
377,474579996,2653014180,8,NODEINFO_APP,"""!1c49841c""",2025-01-19 22:53:52,6.0,-40.0,3,,,,,,,,,,,,2,"""Balloon 02""","""Blln""","""\020\006\034I\204\034""",TBEAM,2316283557,,,,,,,true,,,,,,,,,,
378,456429169,474579996,8,NODEINFO_APP,"""!1b348e71""",2025-01-19 22:51:44,-5.5,-128.0,3,,,,,,,,,,,true,2,"""Amp TEcho Repeater 1""","""ATR1""","""\311\013\0334\216q""",T_ECHO,,,ROUTER,,,,,,,,,,,,,,,
379,2688067746,474579996,8,NODEINFO_APP,"""!a038a8a2""",2025-01-19 22:51:44,-10.25,-130.0,,,,,,,,,,,,true,5,"""Blue Car""","""BCAR""","""\344\021\2408\250\242""",RAK4631,,,,,,,,,,,,,,,,,,
380,1882227270,474579996,8,NODEINFO_APP,"""!70308246""",2025-01-19 22:51:44,5.75,-44.0,5,,,,,,,,,,,true,5,"""OVWH""","""OVWH""","""\361\321p0\202F""",RAK4631,,,,,,,,,,,,,,,,,,
381,530574480,474579996,8,NODEINFO_APP,"""!1f9fec90""",2025-01-19 22:51:44,-10.0,-130.0,,,,,,,,,,,,true,1,"""Meshtastic ec90""","""ec90""","""\010\266\037\237\354\220""",TBEAM,,,,,,,,,,,,,,,,,,
382,1137580964,474579996,8,NODEINFO_APP,"""!43ce1ba4""",2025-01-19 21:52:00,-12.0,-81.0,3,,,,,,,,,,,true,2,"""Meshtastic 1ba4""","""1ba4""","""\353\241C\316\033\244""",T_ECHO,,,,,,,,,,,,,,,,,,
383,862631953,474579996,8,NODEINFO_APP,"""!336ab811""",2025-01-19 22:51:44,,,3,,,,,,,,,,,true,3,"""Big Blue ben@N6BRL.com""","""BnBl""","""\304O3j\270\021""",TBEAM,,"""\345\036\024\347\326\n\364\353\335\247\""\222\255h\320\316w\276\031\243\007\357\355\264h4O\256\323\202g\005""",CLIENT_MUTE,BACKGROUND,,,,,,,,,,,,,,
384,2718629340,474579996,,NODEINFO_APP,"""!a20afddc""",2025-01-19 22:51:44,,,,,,,,,,,,,,true,,"""Packet Cannon""","""🎳""","""\314\215\242\n\375\334""",STATION_G2,,,,BACKGROUND,,,,,,,,,,,,,,
385,1862407146,474579996,,NODEINFO_APP,"""!6f0213ea""",2025-01-19 22:49:36,6.25,-13.0,4,,,,,,,,,,,true,4,"""BigRAK""","""Burr""","""\311\002o\002\023\352""",RAK4631,,,,,,,,,,,,,,,,,,
386,20526527,474579996,8,NODEINFO_APP,"""!013935bf""",2025-01-19 22:49:36,-8.0,-118.0,7,,,,,,,,,,,true,6,"""ADSB-01""","""ads1""","""\344_\00195\277""",PORTDUINO,,,CLIENT_HIDDEN,,,,,,,,,,,,,,,
387,3663154416,474579996,8,NODEINFO_APP,"""!da574cf0""",2025-01-19 22:49:36,-17.25,-138.0,3,,,,,,,,,,,true,2,"""JJH""","""JJH""","""4\267\332WL\360""",LILYGO_TBEAM_S3_CORE,,,,,,,,,,,,,,,,,,
388,1127899024,474579996,8,NODEINFO_APP,"""!433a5f90""",2025-01-19 22:49:36,-8.25,-118.0,6,,,,,,,,,,,true,3,"""DocB Desktop Heltec""","""DocD""","""H\312C:_\220""",HELTEC_V3,,,CLIENT_MUTE,,,,,,,,,,,,,,,
389,1129907768,474579996,8,NODEINFO_APP,"""!43590638""",2025-01-19 22:49:36,,,5,,,,,,,,,,,true,5,"""OVW0""","""OVW0""","""H\312CY\0068""",HELTEC_V3,,,CLIENT_MUTE,BACKGROUND,,,,,,,,,,,,,,
390,862209656,474579996,8,NODEINFO_APP,"""!33644678""",2025-01-19 22:47:28,,,4,,,,,,,,,,,true,4,"""DUBLIN/Logger""","""DLOG""","""d\3503dFx""",HELTEC_V3,,,CLIENT_MUTE,BACKGROUND,,,,,,,,,,,,,,
391,3175512464,474579996,8,NODEINFO_APP,"""!bd467990""",2025-01-19 22:47:28,-10.75,-133.0,,,,,,,,,,,,true,2,"""Tower""","""Towe""","""|\236\275Fy\220""",HELTEC_V2_1,,,,,,,,,,,,,,,,,,
392,2558655390,474579996,8,NODEINFO_APP,"""!9881fb9e""",2025-01-19 22:47:28,-9.0,-119.0,3,,,,,,,,,,,true,2,"""Atlavox S4 SSF""","""ASS""","""\316\251\230\201\373\236""",RAK4631,,"""/H\241\377\241x\326+h}\321<\231\214\207\223T\235|\342\177A\0235)\017\251;\213\304\0224""",,,,,,,,,,,,,,,,
393,474579996,4294967295,8,RANGE_TEST_APP,255502340,2025-01-19 22:43:12,,,,,,,,,,,,,,,,,,,,,,,DEFAULT,,,,,,,,,,,,,,
394,474579996,2482385056,8,NODEINFO_APP,"""!1c49841c""",2025-01-19 22:41:04,,,3,,,,,,,,,,,true,3,"""Balloon 02""","""Blln""","""\020\006\034I\204\034""",TBEAM,,,,BACKGROUND,,,,true,,,,,,,,,,
395,474579996,4294967295,8,RANGE_TEST_APP,3698088948,2025-01-19 22:38:56,,,,,,,,,,,,,,,,,,,,,,,DEFAULT,,,,,,,,,,,,,,
396,474579996,976506173,8,NODEINFO_APP,"""!1c49841c""",2025-01-19 22:32:32,,,3,,,,,,,,,,,true,3,"""Balloon 02""","""Blln""","""\020\006\034I\204\034""",TBEAM,,,,BACKGROUND,,,,true,,,,,,,,,,
397,474579996,4294967295,8,RANGE_TEST_APP,2094384101,2025-01-19 22:32:32,,,,,,,,,,,,,,,,,,,,,,,DEFAULT,,,,,,,,,,,,,,
398,474579996,4294967295,8,RANGE_TEST_APP,2319898578,2025-01-19 22:28:16,,,,,,,,,,,,,,,,,,,,,,,DEFAULT,,,,,,,,,,,,,,
399,474579996,1129899512,8,TRACEROUTE_APP,2157102026,2025-01-19 22:26:08,,,3,,,,,,,,,,,,3,,,,,2089616292,,,RELIABLE,true,3111510461,-73,,,,,,,,,,,
400,474579996,1129899512,8,NODEINFO_APP,"""!1c49841c""",2025-01-19 22:26:08,,,3,,,,,,,,,,,true,3,"""Balloon 02""","""Blln""","""\020\006\034I\204\034""",TBEAM,,,,BACKGROUND,,,,true,,,,,,,,,,
401,474579996,4294967295,8,RANGE_TEST_APP,3529215931,2025-01-19 22:24:00,,,,,,,,,,,,,,,,,,,,,,,DEFAULT,,,,,,,,,,,,,,
402,474579996,4126515649,8,NODEINFO_APP,"""!1c49841c""",2025-01-19 22:21:52,,,3,,,,,,,,,,,true,3,"""Balloon 02""","""Blln""","""\020\006\034I\204\034""",TBEAM,,,,BACKGROUND,,,,true,,,,,,,,,,
403,474579996,4294967295,8,RANGE_TEST_APP,878469033,2025-01-19 22:17:36,,,,,,,,,,,,,,,,,,,,,,,DEFAULT,,,,,,,,,,,,,,
404,474579996,1129899512,8,TRACEROUTE_APP,1253898143,2025-01-19 22:15:28,,,4,,,,,,,,,,,,4,,,,,916242734,,,RELIABLE,true,3111510461,-41,,,,,,,,,,,
405,474579996,1129899512,8,NODEINFO_APP,"""!1c49841c""",2025-01-19 22:15:28,,,3,,,,,,,,,,,true,3,"""Balloon 02""","""Blln""","""\020\006\034I\204\034""",TBEAM,,,,BACKGROUND,,,,true,,,,,,,,,,
406,474579996,4294967295,8,RANGE_TEST_APP,1298917273,2025-01-19 22:13:20,,,,,,,,,,,,,,,,,,,,,,,DEFAULT,,,,,,,,,,,,,,
407,474579996,2733211016,8,NODEINFO_APP,"""!1c49841c""",2025-01-19 22:09:04,,,3,,,,,,,,,,,true,3,"""Balloon 02""","""Blln""","""\020\006\034I\204\034""",TBEAM,,,,BACKGROUND,,,,true,,,,,,,,,,
408,474579996,4294967295,8,RANGE_TEST_APP,2390566795,2025-01-19 22:09:04,,,,,,,,,,,,,,,,,,,,,,,DEFAULT,,,,,,,,,,,,,,
409,1129899512,474579996,8,TRACEROUTE_APP,1361868696,2025-01-19 22:02:40,-18.25,-140.0,5,,,,,,,,,,,true,1,,,,,,,,,true,944382635,,,,,,,,,,,,
410,474579996,2558655390,8,NODEINFO_APP,"""!1c49841c""",2025-01-19 22:02:40,,,3,,,,,,,,,,,true,3,"""Balloon 02""","""Blln""","""\020\006\034I\204\034""",TBEAM,,,,BACKGROUND,,,,true,,,,,,,,,,
411,474579996,4294967295,8,RANGE_TEST_APP,3599281012,2025-01-19 22:02:40,,,,,,,,,,,,,,,,,,,,,,,DEFAULT,,,,,,,,,,,,,,
412,474579996,4294967295,8,RANGE_TEST_APP,793995631,2025-01-19 22:02:40,,,,,,,,,,,,,,,,,,,,,,,DEFAULT,,,,,,,,,,,,,,
413,474579996,2733359772,8,NODEINFO_APP,"""!1c49841c""",2025-01-19 22:02:40,,,3,,,,,,,,,,,true,3,"""Balloon 02""","""Blln""","""\020\006\034I\204\034""",TBEAM,,,,BACKGROUND,,,,true,,,,,,,,,,
414,474579996,4294967295,8,NODEINFO_APP,"""!1c49841c""",2025-01-19 22:00:32,,,3,,,,,,,,,,,true,3,"""Balloon 02""","""Blln""","""\020\006\034I\204\034""",TBEAM,,,,BACKGROUND,,,,true,,,,,,,,,,
415,474579996,4294967295,8,RANGE_TEST_APP,1872983142,2025-01-19 22:00:32,,,,,,,,,,,,,,,,,,,,,,,DEFAULT,,,,,,,,,,,,,,
416,474579996,4294967295,8,RANGE_TEST_APP,770036193,2025-01-19 21:58:24,,,,,,,,,,,,,,,,,,,,,,,DEFAULT,,,,,,,,,,,,,,
417,474579996,3111510461,8,NODEINFO_APP,"""!1c49841c""",2025-01-19 21:58:24,,,3,,,,,,,,,,,true,3,"""Balloon 02""","""Blln""","""\020\006\034I\204\034""",TBEAM,,,,BACKGROUND,,,,true,,,,,,,,,,
418,944382635,474579996,8,NODEINFO_APP,"""!384a22ab""",2025-01-19 21:56:16,-8.25,-118.0,3,,,,,,,,,,,true,3,"""Tekify Fiber & Wireless""","""TEK""","""\367\372v\375\276\354""",RAK4631,,,ROUTER,,,,,,,,,,,,,,,
419,1189817913,474579996,8,NODEINFO_APP,"""!99a34093""",2025-01-19 21:56:16,-8.5,-119.0,7,,,,,,,,,,,true,6,"""Router-01""","""rtr1""","""\356\r\231\243@\223""",RAK4631,,,,,,,,,,,,,,,,,,
420,474579996,474581420,8,NODEINFO_APP,"""!1c49841c""",2025-01-19 21:54:08,,,2,,,,,,,,,,,,2,"""Balloon 02""","""Blln""","""\020\006\034I\204\034""",TBEAM,1277148435,,,RELIABLE,,,,true,,,,,,,,,,
421,474579996,4294967295,8,RANGE_TEST_APP,3703982565,2025-01-19 21:54:08,,,,,,,,,,,,,,,,,,,,,,,DEFAULT,,,,,,,,,,,,,,
422,474579996,2482385056,8,NODEINFO_APP,"""!1c49841c""",2025-01-19 21:49:52,,,3,,,,,,,,,,,true,3,"""Balloon 02""","""Blln""","""\020\006\034I\204\034""",TBEAM,,,,BACKGROUND,,,,true,,,,,,,,,,
423,474579996,4294967295,8,RANGE_TEST_APP,3823473108,2025-01-19 21:49:52,,,,,,,,,,,,,,,,,,,,,,,DEFAULT,,,,,,,,,,,,,,
424,474579996,4294967295,8,TEXT_MESSAGE_APP,3124404061,2025-01-19 21:47:44,,,3,,,,,,,,,,,,3,,,,,,,,100,,,,,,,,,,,,,,
425,474581420,474579996,8,ROUTING_APP,2094448453,2025-01-19 21:47:44,12.0,-66.0,2,,,,,,,,,,,,2,,,,,3124404057,,,,,,,,,,,,,,,,,NONE
426,474579996,474581420,8,TEXT_MESSAGE_APP,3124404057,2025-01-19 21:47:44,,,3,,,,,,,,,,,,3,,,,,,,,100,true,,,,,,,,,,,,,
427,1226146290,474579996,8,NODEINFO_APP,"""!491581f2""",2025-01-19 21:45:36,,,2,,,,,,,,,,,,2,"""W6RSS Rak Benicia""","""Ross""","""\365-I\025\201\362""",RAK4631,2542861762,"""\216\361|\240\305\356|_t!\273H\030`$!\265\215\322\347o|\347\217\371\222C\""*%\005R""",,RELIABLE,,,,,,,,,,,,,,
428,474581420,474579996,8,NODEINFO_APP,"""!1c4989ac""",2025-01-19 21:43:28,10.25,-82.0,2,,,,,,,,,,,,2,"""Spacebridge Ground 1""","""GRD1""","""\020\006\034I\211\254""",TBEAM,2542861762,"""\240\\\331[\252u \323\257O\304\\o\253j\213Z\324\2770\020\311L\210\004I\355\350\253A\365\004""",,,,,,,,,,,,,,,,
429,474579996,4294967295,8,NODEINFO_APP,"""!1c49841c""",2025-01-19 21:43:28,,,3,,,,,,,,,,,true,3,"""Balloon 02""","""Blln""","""\020\006\034I\204\034""",TBEAM,,,,BACKGROUND,,,,true,,,,,,,,,,
430,474579996,4294967295,8,RANGE_TEST_APP,3429957057,2025-01-19 21:43:28,,,,,,,,,,,,,,,,,,,,,,,DEFAULT,,,,,,,,,,,,,,
431,474579996,4294967295,8,TEXT_MESSAGE_APP,3321186969,2025-01-19 19:58:56,,,3,,,,,,,,,,,,3,,,,,,,,100,,,,,,,,,,,,,,
432,780828896,474579996,8,NODEINFO_APP,"""!2e8a80e0""",2025-01-19 19:56:48,-4.5,-111.0,3,,,,,,,,,,,,3,"""ko6dcm (nr5nn)""","""5nnO""","""\362\301.\212\200\340""",RAK4631,7175851,"""*\237[\037op\254s\274\021\031\233\260+\332\207\177K\366\261\357\220x}\021q\330:\""\213\017(""",,,,,,,,,,,,,,,,
433,1226146290,474579996,8,NODEINFO_APP,"""!491581f2""",2025-01-19 19:56:48,,,2,,,,,,,,,,,,2,"""W6RSS Rak Benicia""","""Ross""","""\365-I\025\201\362""",RAK4631,7175851,"""\216\361|\240\305\356|_t!\273H\030`$!\265\215\322\347o|\347\217\371\222C\""*%\005R""",,RELIABLE,,,,,,,,,,,,,,
434,474579996,4294967295,8,NODEINFO_APP,"""!1c49841c""",2025-01-19 19:56:48,,,3,,,,,,,,,,,true,3,"""Balloon 02""","""Blln""","""\020\006\034I\204\034""",TBEAM,,,,BACKGROUND,,,,true,,,,,,,,,,
435,474579996,4294967295,8,RANGE_TEST_APP,2312722089,2025-01-19 19:56:48,,,,,,,,,,,,,,,,,,,,,,,DEFAULT,,,,,,,,,,,,,,
436,474579996,780828896,8,NODEINFO_APP,"""!1c49841c""",2025-01-19 19:44:00,,,3,,,,,,,,,,,true,3,"""Balloon 02""","""Blln""","""\020\006\034I\204\034""",TBEAM,,,,BACKGROUND,,,,true,,,,,,,,,,
437,474579996,4294967295,8,RANGE_TEST_APP,394909265,2025-01-19 19:41:52,,,,,,,,,,,,,,,,,,,,,,,DEFAULT,,,,,,,,,,,,,,
438,780828896,474579996,8,NODEINFO_APP,"""!2e8a80e0""",2025-01-19 19:37:36,-6.25,-104.0,4,,,,,,,,,,,,4,"""ko6dcm (nr5nn)""","""5nnO""","""\362\301.\212\200\340""",RAK4631,1147040321,"""*\237[\037op\254s\274\021\031\233\260+\332\207\177K\366\261\357\220x}\021q\330:\""\213\017(""",,,,,,,,,,,,,,,,
439,474579996,4294967295,8,NODEINFO_APP,"""!1c49841c""",2025-01-19 19:37:36,,,3,,,,,,,,,,,true,3,"""Balloon 02""","""Blln""","""\020\006\034I\204\034""",TBEAM,,,,BACKGROUND,,,,true,,,,,,,,,,
440,474579996,4294967295,8,RANGE_TEST_APP,1174139455,2025-01-19 19:37:36,,,,,,,,,,,,,,,,,,,,,,,DEFAULT,,,,,,,,,,,,,,
441,474579996,4294967295,8,RANGE_TEST_APP,929859720,2025-01-19 19:31:12,,,,,,,,,,,,,,,,,,,,,,,DEFAULT,,,,,,,,,,,,,,
442,474579996,4294967295,8,RANGE_TEST_APP,3733796999,2025-01-19 19:31:12,,,,,,,,,,,,,,,,,,,,,,,DEFAULT,,,,,,,,,,,,,,
443,474579996,1336991821,8,NODEINFO_APP,"""!1c49841c""",2025-01-19 19:29:04,,,3,,,,,,,,,,,true,3,"""Balloon 02""","""Blln""","""\020\006\034I\204\034""",TBEAM,,,,BACKGROUND,,,,true,,,,,,,,,,
444,474579996,4294967295,8,RANGE_TEST_APP,327425155,2025-01-19 19:29:04,,,,,,,,,,,,,,,,,,,,,,,DEFAULT,,,,,,,,,,,,,,
445,474579996,4294967295,8,RANGE_TEST_APP,3215748226,2025-01-19 19:29:04,,,,,,,,,,,,,,,,,,,,,,,DEFAULT,,,,,,,,,,,,,,
446,474579996,4294967295,8,RANGE_TEST_APP,2698664065,2025-01-19 19:26:56,,,,,,,,,,,,,,,,,,,,,,,DEFAULT,,,,,,,,,,,,,,
447,474579996,4294967295,8,RANGE_TEST_APP,1873465472,2025-01-19 19:26:56,,,,,,,,,,,,,,,,,,,,,,,DEFAULT,,,,,,,,,,,,,,
448,474579996,4294967295,8,RANGE_TEST_APP,1997435006,2025-01-19 19:26:56,,,,,,,,,,,,,,,,,,,,,,,DEFAULT,,,,,,,,,,,,,,
449,474579996,4294967295,8,NODEINFO_APP,"""!1c49841c""",2025-01-19 19:03:28,,,3,,,,,,,,,,,true,3,"""Balloon 02""","""Blln""","""\020\006\034I\204\034""",TBEAM,,,,BACKGROUND,,,,true,,,,,,,,,,
450,474579996,4294967295,8,RANGE_TEST_APP,2418237534,2025-01-19 19:03:28,,,,,,,,,,,,,,,,,,,,,,,DEFAULT,,,,,,,,,,,,,,
451,474579996,4294967295,8,RANGE_TEST_APP,1321658460,2025-01-19 19:03:28,,,,,,,,,,,,,,,,,,,,,,,DEFAULT,,,,,,,,,,,,,,
452,1127917784,474579996,8,NODEINFO_APP,"""!433aa8d8""",2025-01-19 19:03:28,10.5,-67.0,2,,,,,,,,,,,,2,"""Meshtastic a8d8""","""a8d8""","""H\312C:\250\330""",HELTEC_V3,3264735857,,,,,,,true,,,,,,,,,,
453,474579996,4294967295,8,NODEINFO_APP,"""!1c49841c""",2025-01-19 19:03:28,,,3,,,,,,,,,,,true,3,"""Balloon 02""","""Blln""","""\020\006\034I\204\034""",TBEAM,,,,BACKGROUND,,,,true,,,,,,,,,,
454,474579996,4294967295,8,RANGE_TEST_APP,3416289904,2025-01-19 19:03:28,,,,,,,,,,,,,,,,,,,,,,,DEFAULT,,,,,,,,,,,,,,
455,474579996,4294967295,8,RANGE_TEST_APP,2165262958,2025-01-19 19:03:28,,,,,,,,,,,,,,,,,,,,,,,DEFAULT,,,,,,,,,,,,,,
